player_name,bookmaker,line,predicted_points,P_over_model,P_over_market,edge_over,edge_under,best_side,best_edge
Peyton Watson,FanDuel,9.5,18.59390762743906,0.8779889534333825,0.4939310568053083,0.38405789662807416,-0.3840578966280741,over,0.38405789662807416
Donovan Mitchell,FanDuel,29.5,23.4086518823334,0.10042642462695905,0.4735298908617039,-0.37310346623474483,0.3731034662347448,under,0.3731034662347448
Ace Bailey,FanDuel,24.5,14.04907622475289,0.12059140041756433,0.4718423169750604,-0.3512509165574961,0.35125091655749596,under,0.35125091655749596
Luka Doncic,BetOnline.ag,34.5,24.165881346070893,0.1585235063261916,0.4876847290640395,-0.32916122273784787,0.32916122273784776,under,0.32916122273784776
Luka Doncic,DraftKings,34.5,24.165881346070893,0.1585235063261916,0.487517163899638,-0.3289936575734464,0.32899365757344634,under,0.32899365757344634
Luka Doncic,FanDuel,34.5,24.165881346070893,0.1585235063261916,0.48581617766250607,-0.32729267133631446,0.32729267133631446,under,0.32729267133631446
Jalen Duren,FanDuel,22.5,16.38510259272389,0.22749690093373376,0.5240847784200385,-0.2965878774863048,0.2965878774863048,under,0.2965878774863048
Jalen Duren,DraftKings,23.5,16.38510259272389,0.1923428583786061,0.47614107883817425,-0.28379822045956815,0.28379822045956815,under,0.28379822045956815
Joel Embiid,DraftKings,22.5,26.08936090847961,0.7590284362035362,0.480324745257228,0.2787036909463082,-0.2787036909463082,over,0.2787036909463082
Kristaps Porzingis,DraftKings,17.5,12.14514195910124,0.24387750496832683,0.5145711906744379,-0.2706936857061111,0.27069368570611113,under,0.27069368570611113
Will Riley,FanDuel,16.5,12.780404147342425,0.2730045011072251,0.532258064516129,-0.25925356340890393,0.25925356340890404,under,0.25925356340890404
Joel Embiid,FanDuel,22.5,26.08936090847961,0.7590284362035362,0.5,0.2590284362035362,-0.2590284362035362,over,0.2590284362035362
Daniss Jenkins,DraftKings,16.5,12.068602665648084,0.25041716148266013,0.5020774472328402,-0.25166028575018007,0.2516602857501802,under,0.2516602857501802
Daniss Jenkins,FanDuel,16.5,12.068602665648084,0.25041716148266013,0.4939310568053083,-0.24351389532264817,0.24351389532264822,under,0.24351389532264822
Jaime Jaquez Jr,FanDuel,10.5,15.70240431865455,0.7784748994603051,0.5379072681704261,0.240567631289879,-0.24056763128987907,over,0.240567631289879
Kristaps Porzingis,FanDuel,17.5,12.14514195910124,0.24387750496832683,0.4808467741935484,-0.23696926922522155,0.23696926922522155,under,0.23696926922522155
Pascal Siakam,DraftKings,20.5,24.05704925802299,0.7396697558535226,0.5041554124246831,0.23551434342883948,-0.23551434342883937,over,0.23551434342883948
Jalen Williams,DraftKings,12.5,17.342632856478094,0.749869032006786,0.5145711906744379,0.2352978413323481,-0.23529784133234805,over,0.2352978413323481
Bones Hyland,BetOnline.ag,14.5,10.317718464906731,0.25538688048611946,0.48974190636412124,-0.23435502587800178,0.23435502587800183,under,0.23435502587800183
Jalen Williams,BetOnline.ag,12.5,17.342632856478094,0.749869032006786,0.5164392569455861,0.23342977506119988,-0.2334297750612,over,0.23342977506119988
Tristan Vukcevic,FanDuel,12.5,9.065421074179323,0.29186411568724324,0.5240847784200385,-0.2322206627327953,0.2322206627327953,under,0.2322206627327953
John Konchar,FanDuel,7.5,5.070744826562657,0.2718213431175044,0.4939310568053083,-0.2221097136878039,0.22210971368780397,under,0.22210971368780397
Jalen Williams,FanDuel,13.5,17.342632856478094,0.70363397577884,0.48987854251012153,0.2137554332687185,-0.2137554332687186,over,0.2137554332687185
Dylan Harper,FanDuel,15.5,11.839289981246484,0.2933251862922518,0.5,-0.2066748137077482,0.2066748137077482,under,0.2066748137077482
Dylan Harper,BetOnline.ag,15.5,11.839289981246484,0.2933251862922518,0.4969046636401156,-0.2035794773478638,0.20357947734786375,under,0.20357947734786375
Jared McCain,DraftKings,7.5,10.816340257547084,0.6753976586069346,0.47404053829539794,0.20135712031153663,-0.20135712031153663,over,0.20135712031153663
Luguentz Dort,FanDuel,6.5,8.235979983298373,0.6678539625274493,0.4677419354838709,0.20011202704357844,-0.20011202704357833,over,0.20011202704357844
Davion Mitchell,FanDuel,7.5,10.373700053635192,0.7266988854177091,0.5281576830249397,0.1985412023927694,-0.1985412023927695,over,0.1985412023927694
Ajay Mitchell,DraftKings,11.5,14.07253740202727,0.6888020263698984,0.4916850288945246,0.1971169974753738,-0.1971169974753738,over,0.1971169974753738
Dylan Harper,DraftKings,15.5,11.839289981246484,0.2933251862922518,0.4896023956080519,-0.19627720931580012,0.19627720931580017,under,0.19627720931580017
Luguentz Dort,BetOnline.ag,6.5,8.235979983298373,0.6678539625274493,0.4723111001722865,0.19554286235516283,-0.19554286235516283,over,0.19554286235516283
Jared McCain,BetOnline.ag,7.5,10.816340257547084,0.6753976586069346,0.48149290561381863,0.19390475299311594,-0.19390475299311594,over,0.19390475299311594
Luguentz Dort,DraftKings,6.5,8.235979983298373,0.6678539625274493,0.47614107883817425,0.19171288368927508,-0.19171288368927508,over,0.19171288368927508
Jared McCain,FanDuel,6.5,10.816340257547084,0.7230836674966552,0.532258064516129,0.1908256029805262,-0.1908256029805261,over,0.1908256029805262
Keon Ellis,FanDuel,6.5,9.096318538942201,0.6574566710546463,0.4677419354838709,0.18971473557077545,-0.18971473557077534,over,0.18971473557077545
Josh Minott,FanDuel,13.5,9.396054887902398,0.3181163180982428,0.5060689431946916,-0.18795262509644883,0.1879526250964489,under,0.1879526250964489
Christian Braun,FanDuel,11.5,14.25350560100447,0.657694282601423,0.4718423169750604,0.18585196562636264,-0.18585196562636275,over,0.18585196562636264
Ajay Mitchell,BetOnline.ag,11.5,14.07253740202727,0.6888020263698984,0.5030953363598845,0.18570669001001394,-0.185706690010014,over,0.18570669001001394
Nick Richards,DraftKings,10.5,8.640565992849522,0.3210163949999366,0.5062344139650873,-0.18521801896515067,0.18521801896515067,under,0.18521801896515067
Pascal Siakam,FanDuel,21.5,24.05704925802299,0.6778692767506749,0.4939310568053083,0.18393821994536658,-0.18393821994536652,over,0.18393821994536658
Jay Huff,FanDuel,9.5,11.576874261496195,0.6836275482585582,0.5,0.1836275482585582,-0.1836275482585582,over,0.1836275482585582
Pascal Siakam,BetOnline.ag,21.5,24.05704925802299,0.6778692767506749,0.4948402542722694,0.18302902247840547,-0.18302902247840536,over,0.18302902247840547
Cason Wallace,BetOnline.ag,6.5,8.004477192003378,0.6391777695458349,0.4564539116366858,0.18272385790914913,-0.18272385790914913,over,0.18272385790914913
Cason Wallace,DraftKings,5.5,8.004477192003378,0.7234304986181794,0.5419996102124343,0.18143088840574517,-0.18143088840574517,over,0.18143088840574517
Andrew Wiggins,FanDuel,12.5,15.481079200303384,0.6618363479171556,0.4808467741935484,0.18098957372360724,-0.18098957372360724,over,0.18098957372360724
Jabari Smith Jr,FanDuel,14.5,16.78079307621541,0.6425455206860056,0.46209273182957394,0.18045278885643162,-0.18045278885643168,over,0.18045278885643162
Sam Hauser,FanDuel,6.5,9.324720137196357,0.7069950104371129,0.5281576830249397,0.17883732741217317,-0.17883732741217329,over,0.17883732741217317
Cason Wallace,FanDuel,6.5,8.004477192003378,0.6391777695458349,0.46209273182957394,0.177085037716261,-0.17708503771626105,over,0.177085037716261
Reed Sheppard,FanDuel,15.5,12.002943872106293,0.30729437423590866,0.4808467741935484,-0.1735523999576397,0.1735523999576397,under,0.1735523999576397
G.G. Jackson,DraftKings,15.5,17.585965702830666,0.6989877614609297,0.5259594617046021,0.1730282997563276,-0.1730282997563276,over,0.1730282997563276
Nick Richards,FanDuel,10.5,8.640565992849522,0.3210163949999366,0.4939310568053083,-0.17291466180537168,0.17291466180537174,under,0.17291466180537174
Jabari Smith Jr,BetOnline.ag,14.5,16.78079307621541,0.6425455206860056,0.4723111001722865,0.17023442051371906,-0.17023442051371906,over,0.17023442051371906
Ajay Mitchell,FanDuel,11.5,14.07253740202727,0.6888020263698984,0.5191532258064516,0.16964880056344678,-0.16964880056344678,over,0.16964880056344678
Jalen Wilson,FanDuel,10.5,7.715322171645342,0.30627228747146806,0.47591522157996147,-0.1696429341084934,0.1696429341084934,under,0.1696429341084934
Paul George,DraftKings,15.5,11.885041432781923,0.30749157337517163,0.47404053829539794,-0.1665489649202263,0.1665489649202263,under,0.1665489649202263
Jalen Johnson,FanDuel,21.5,25.32308781449851,0.6665158647206387,0.5,0.16651586472063873,-0.16651586472063873,over,0.16651586472063873
Pelle Larsson,FanDuel,10.5,13.005413142976167,0.6471575011043851,0.4808467741935484,0.1663107269108367,-0.1663107269108367,over,0.1663107269108367
Baylor Scheierman,FanDuel,4.5,6.832680481896761,0.7031356939757648,0.5379072681704261,0.1652284258053387,-0.16522842580533875,over,0.1652284258053387
Jay Huff,BetOnline.ag,9.5,11.576874261496195,0.6836275482585582,0.519675254742772,0.16395229351578622,-0.16395229351578622,over,0.16395229351578622
Dean Wade,FanDuel,5.5,7.1462207512234945,0.6256656481165085,0.46209273182957394,0.16357291628693454,-0.1635729162869346,over,0.16357291628693454
Payton Pritchard,DraftKings,14.5,17.862227849606285,0.6466630489884834,0.4833368048323266,0.16332624415615676,-0.16332624415615682,over,0.16332624415615676
Jalen Johnson,DraftKings,21.5,25.32308781449851,0.6665158647206387,0.5041554124246831,0.16236045229595564,-0.16236045229595553,over,0.16236045229595564
Bobby Portis,FanDuel,14.5,16.384998071476513,0.6364680404018956,0.47591522157996147,0.16055281882193417,-0.16055281882193417,over,0.16055281882193417
Paul George,FanDuel,15.5,11.885041432781923,0.30749157337517163,0.4677419354838709,-0.16025036210869925,0.16025036210869936,under,0.16025036210869936
Jabari Smith Jr,DraftKings,14.5,16.78079307621541,0.6425455206860056,0.48448874917273327,0.1580567715132723,-0.15805677151327235,over,0.1580567715132723
Zaccharie Risacher,FanDuel,7.5,9.337489746400124,0.6191395885138496,0.46209273182957394,0.1570468566842757,-0.15704685668427576,over,0.1570468566842757
Baylor Scheierman,DraftKings,5.5,6.832680481896761,0.6197252296091827,0.46281519310564956,0.1569100365035332,-0.1569100365035333,over,0.1569100365035332
Payton Pritchard,BetOnline.ag,13.5,17.862227849606285,0.6873152805983235,0.5306122448979592,0.15670303570036426,-0.15670303570036437,over,0.15670303570036426
Payton Pritchard,FanDuel,13.5,17.862227849606285,0.6873152805983235,0.532258064516129,0.15505721608219447,-0.15505721608219436,over,0.15505721608219447
Luka Garza,FanDuel,5.5,8.387527697473326,0.686004355014345,0.532258064516129,0.15374629049821598,-0.15374629049821587,over,0.15374629049821598
Evan Mobley,FanDuel,17.5,19.713156932863086,0.6720612667588428,0.5191532258064516,0.1529080409523912,-0.1529080409523912,over,0.1529080409523912
Jaden McDaniels,BetOnline.ag,16.5,14.166782477098725,0.34452541166572104,0.4969046636401156,-0.15237925197439456,0.1523792519743945,under,0.1523792519743945
Jaden McDaniels,DraftKings,16.5,14.166782477098725,0.34452541166572104,0.4958445875753168,-0.15131917590959576,0.15131917590959587,under,0.15131917590959587
Chet Holmgren,DraftKings,14.5,16.45297921912022,0.6278833864744435,0.4770335727409387,0.1508498137335048,-0.1508498137335048,over,0.1508498137335048
Sam Hauser,BetOnline.ag,7.5,9.324720137196357,0.6375132494224114,0.48974190636412124,0.14777134305829015,-0.1477713430582901,over,0.14777134305829015
Zaccharie Risacher,DraftKings,7.5,9.337489746400124,0.6191395885138496,0.47193347193347185,0.1472061165803778,-0.14720611658037763,over,0.1472061165803778
Sam Hauser,DraftKings,7.5,9.324720137196357,0.6375132494224114,0.4905802562170309,0.1469329932053805,-0.14693299320538045,over,0.1469329932053805
Ayo Dosunmu,DraftKings,16.5,14.775244482247867,0.3791809642249877,0.5259594617046021,-0.14677849747961436,0.14677849747961436,under,0.14677849747961436
Luka Garza,DraftKings,5.5,8.387527697473326,0.686004355014345,0.5407914020517831,0.14521295296256187,-0.14521295296256187,over,0.14521295296256187
Drake Powell,FanDuel,7.5,6.258879861259912,0.37817400623340414,0.5191532258064516,-0.1409792195730475,0.1409792195730475,under,0.1409792195730475
Isaiah Hartenstein,DraftKings,6.5,7.448525278994485,0.5767445304133855,0.4368658399098084,0.1398786905035771,-0.13987869050357715,over,0.1398786905035771
Tyler Herro,FanDuel,19.5,22.121792848762723,0.6698190195191593,0.532258064516129,0.13756095500303034,-0.13756095500303023,over,0.13756095500303034
Reed Sheppard,BetOnline.ag,14.5,12.002943872106293,0.3595932727060057,0.4969046636401156,-0.13731139093410988,0.13731139093410982,under,0.13731139093410982
Neemias Queta,BetOnline.ag,7.5,11.061956760460902,0.6557918989179431,0.519675254742772,0.1361166441751711,-0.1361166441751711,over,0.1361166441751711
G.G. Jackson,FanDuel,16.5,17.585965702830666,0.6069934532734378,0.4718423169750604,0.13515113629837738,-0.1351511362983775,over,0.13515113629837738
Drake Powell,DraftKings,7.5,6.258879861259912,0.37817400623340414,0.512482836100362,-0.1343088298669579,0.13430882986695786,under,0.13430882986695786
Ayo Dosunmu,BetOnline.ag,16.5,14.775244482247867,0.3791809642249877,0.5123152709359606,-0.13313430671097293,0.13313430671097282,under,0.13313430671097282
Chet Holmgren,BetOnline.ag,14.5,16.45297921912022,0.6278833864744435,0.4948402542722694,0.13304313220217412,-0.133043132202174,over,0.13304313220217412
G.G. Jackson,BetOnline.ag,16.5,17.585965702830666,0.6069934532734378,0.47438944435338465,0.13260400892005314,-0.13260400892005308,over,0.13260400892005314
Nickeil Alexander-Walker,FanDuel,18.5,21.10178440651823,0.6364801223589898,0.5060689431946916,0.13041117916429812,-0.13041117916429806,over,0.13041117916429812
Neemias Queta,FanDuel,7.5,11.061956760460902,0.6557918989179431,0.5281576830249397,0.1276342158930034,-0.1276342158930035,over,0.1276342158930034
Cameron Johnson,FanDuel,10.5,12.50067150011959,0.6159829309695388,0.48987854251012153,0.1261043884594173,-0.1261043884594174,over,0.1261043884594173
Isaiah Hartenstein,BetOnline.ag,6.5,7.448525278994485,0.5767445304133855,0.45374290433428893,0.12300162607909654,-0.1230016260790966,over,0.12300162607909654
Andrew Nembhard,BetOnline.ag,14.5,16.990156118731562,0.6258957764365869,0.5030953363598845,0.12280044007670243,-0.12280044007670249,over,0.12280044007670243
Chet Holmgren,FanDuel,14.5,16.45297921912022,0.6278833864744435,0.5060689431946916,0.12181444327975188,-0.12181444327975183,over,0.12181444327975188
Andrew Nembhard,DraftKings,14.5,16.990156118731562,0.6258957764365869,0.5041554124246831,0.1217403640119038,-0.12174036401190369,over,0.1217403640119038
Jamir Watkins,FanDuel,9.5,7.880737397643703,0.34280651189307787,0.46209273182957394,-0.11928621993649607,0.11928621993649602,under,0.11928621993649602
Nickeil Alexander-Walker,DraftKings,18.5,21.10178440651823,0.6364801223589898,0.517591059602649,0.11888906275634081,-0.1188890627563407,over,0.11888906275634081
Onyeka Okongwu,DraftKings,12.5,14.538974019832231,0.6165246458936492,0.4979225527671597,0.1186020931264895,-0.1186020931264894,over,0.1186020931264895
Shai Gilgeous-Alexander,FanDuel,29.5,31.096664586026655,0.5845691350387618,0.4677419354838709,0.11682719955489096,-0.11682719955489085,over,0.11682719955489096
Dyson Daniels,FanDuel,11.5,12.853375370641793,0.5819755718694544,0.4677419354838709,0.11423363638558348,-0.11423363638558337,over,0.11423363638558348
Andrew Nembhard,FanDuel,15.5,16.990156118731562,0.576165694852818,0.46209273182957394,0.11407296302324405,-0.1140729630232441,over,0.11407296302324405
Derrick White,FanDuel,16.5,18.065803946931638,0.5754881895997972,0.46209273182957394,0.11339545777022325,-0.1133954577702233,over,0.11339545777022325
Olivier-Maxence Prosper,FanDuel,11.5,10.683542964459328,0.4191321059601716,0.5281576830249397,-0.10902557706476812,0.10902557706476801,under,0.10902557706476801
Terance Mann,FanDuel,5.5,6.34321068920819,0.5702207827909578,0.46209273182957394,0.10812805096138384,-0.10812805096138389,over,0.10812805096138384
Reed Sheppard,DraftKings,13.5,12.002943872106293,0.4146660906428108,0.5217643644805572,-0.1070982738377464,0.10709827383774634,under,0.10709827383774634
Josh Giddey,DraftKings,18.5,16.64960519621183,0.36968088411161026,0.47614107883817425,-0.10646019472656398,0.10646019472656398,under,0.10646019472656398
Jrue Holiday,DraftKings,15.5,17.74845506786949,0.5921196359417883,0.48656469615543607,0.10555493978635222,-0.10555493978635211,over,0.10555493978635222
Keldon Johnson,DraftKings,14.5,12.364967285099759,0.3715642117235949,0.47614107883817425,-0.10457686711457936,0.10457686711457936,under,0.10457686711457936
Tim Hardaway Jr,FanDuel,11.5,13.294212606710584,0.585295925488034,0.4808467741935484,0.10444915129448562,-0.10444915129448562,over,0.10444915129448562
Josh Giddey,FanDuel,18.5,16.64960519621183,0.36968088411161026,0.4718423169750604,-0.10216143286345014,0.10216143286345003,under,0.10216143286345003
Jayson Tatum,FanDuel,19.5,20.91436528601297,0.6019578686271316,0.5,0.10195786862713163,-0.10195786862713163,over,0.10195786862713163
Keldon Johnson,FanDuel,13.5,12.364967285099759,0.4308462930404191,0.532258064516129,-0.1014117714757099,0.10141177147571001,under,0.10141177147571001
Derrick White,BetOnline.ag,16.5,18.065803946931638,0.5754881895997972,0.47438944435338465,0.10109874524641255,-0.10109874524641249,over,0.10109874524641255
Isaiah Hartenstein,FanDuel,6.5,7.448525278994485,0.5767445304133855,0.47591522157996147,0.100829308833424,-0.100829308833424,over,0.100829308833424
Olivier-Maxence Prosper,BetOnline.ag,11.5,10.683542964459328,0.4191321059601716,0.519675254742772,-0.1005431487826004,0.1005431487826004,under,0.1005431487826004
Rui Hachimura,FanDuel,8.5,9.573856551260812,0.5932449010148371,0.4939310568053083,0.09931384420952877,-0.09931384420952871,over,0.09931384420952877
Caris LeVert,FanDuel,7.5,8.612483208970694,0.5993131713280015,0.5,0.09931317132800155,-0.09931317132800155,over,0.09931317132800155
Dyson Daniels,DraftKings,11.5,12.853375370641793,0.5819755718694544,0.4833368048323266,0.09863876703712776,-0.09863876703712782,over,0.09863876703712776
Jay Huff,DraftKings,10.5,11.576874261496195,0.5978467009950522,0.5,0.09784670099505222,-0.09784670099505222,over,0.09784670099505222
Dominick Barlow,FanDuel,7.5,8.291323311258138,0.5784112871451806,0.4808467741935484,0.09756451295163227,-0.09756451295163227,over,0.09756451295163227
Aaron Nesmith,FanDuel,12.5,14.489586264963831,0.5763956008498243,0.4808467741935484,0.09554882665627595,-0.09554882665627595,over,0.09554882665627595
Aaron Nesmith,BetOnline.ag,12.5,14.489586264963831,0.5763956008498243,0.48149290561381863,0.0949026952360057,-0.0949026952360057,over,0.0949026952360057
Shai Gilgeous-Alexander,BetOnline.ag,29.5,31.096664586026655,0.5845691350387618,0.48974190636412124,0.0948272286746406,-0.09482722867464055,over,0.0948272286746406
Keldon Johnson,BetOnline.ag,13.5,12.364967285099759,0.4308462930404191,0.5256105556466153,-0.09476426260619619,0.09476426260619625,under,0.09476426260619625
Quentin Grimes,FanDuel,17.5,19.63677639450361,0.5939990001527975,0.5,0.0939990001527975,-0.0939990001527975,over,0.0939990001527975
Cody Williams,FanDuel,17.5,15.372747708638213,0.4061391323961401,0.5,-0.09386086760385992,0.09386086760385992,under,0.09386086760385992
Jayson Tatum,BetOnline.ag,19.5,20.91436528601297,0.6019578686271316,0.5082034454470877,0.0937544231800439,-0.0937544231800439,over,0.0937544231800439
Rui Hachimura,BetOnline.ag,8.5,9.573856551260812,0.5932449010148371,0.5,0.09324490101483707,-0.09324490101483707,over,0.09324490101483707
Olivier-Maxence Prosper,DraftKings,11.5,10.683542964459328,0.4191321059601716,0.511362697297744,-0.09223059133757239,0.09223059133757244,under,0.09223059133757244
Ousmane Dieng,FanDuel,11.5,9.751557190128192,0.3797558471589976,0.4718423169750604,-0.09208646981606283,0.09208646981606272,under,0.09208646981606272
Kyle Anderson,DraftKings,5.5,6.277718128913793,0.5770802161292401,0.48542880932556204,0.09165140680367806,-0.091651406803678,over,0.09165140680367806
Ousmane Dieng,DraftKings,11.5,9.751557190128192,0.3797558471589976,0.4710743801652893,-0.09131853300629172,0.09131853300629167,under,0.09131853300629167
P.J. Washington,FanDuel,14.5,16.101195962972373,0.6007016653135576,0.5101214574898786,0.09058020782367904,-0.09058020782367915,over,0.09058020782367904
Aaron Nesmith,DraftKings,12.5,14.489586264963831,0.5763956008498243,0.487517163899638,0.08887843695018632,-0.08887843695018638,over,0.08887843695018632
Derrick White,DraftKings,16.5,18.065803946931638,0.5754881895997972,0.48863730270225597,0.08685088689754122,-0.08685088689754117,over,0.08685088689754122
Jrue Holiday,FanDuel,15.5,17.74845506786949,0.5921196359417883,0.5060689431946916,0.08605069274709665,-0.08605069274709659,over,0.08605069274709665
Jalen Smith,DraftKings,12.5,11.617605250452417,0.41270246159920576,0.4979225527671597,-0.08522009116795393,0.08522009116795404,under,0.08522009116795404
T.J. McConnell,BetOnline.ag,8.5,8.968210500414603,0.5465908243683332,0.46322988528598974,0.08336093908234343,-0.08336093908234332,over,0.08336093908234343
Kevin Durant,DraftKings,26.5,24.85840716819001,0.39445963154689345,0.4770335727409387,-0.08257394119404526,0.08257394119404526,under,0.08257394119404526
Jayson Tatum,DraftKings,19.5,20.91436528601297,0.6019578686271316,0.5217643644805572,0.08019350414657445,-0.0801935041465745,over,0.08019350414657445
Rui Hachimura,DraftKings,8.5,9.573856551260812,0.5932449010148371,0.5134353038445638,0.07980959717027325,-0.07980959717027314,over,0.07980959717027325
Norman Powell,FanDuel,18.5,20.484284096888707,0.6176418590302397,0.5379072681704261,0.0797345908598136,-0.07973459085981366,over,0.0797345908598136
Onyeka Okongwu,FanDuel,13.5,14.538974019832231,0.5600182031847207,0.4808467741935484,0.07917142899117235,-0.07917142899117235,over,0.07917142899117235
James Harden,FanDuel,21.5,23.428827528611215,0.6111500930935204,0.532258064516129,0.07889202857739142,-0.0788920285773913,over,0.07889202857739142
T.J. McConnell,FanDuel,8.5,8.968210500414603,0.5465908243683332,0.4677419354838709,0.07884888888446229,-0.07884888888446218,over,0.07884888888446229
Quentin Grimes,DraftKings,17.5,19.63677639450361,0.5939990001527975,0.5155112508272668,0.07848774932553071,-0.07848774932553076,over,0.07848774932553071
De'Anthony Melton,DraftKings,15.5,13.567751417025324,0.40778177351491185,0.48542880932556204,-0.07764703581065019,0.07764703581065024,under,0.07764703581065024
Jaylin Williams,DraftKings,5.5,6.1173153331955055,0.5288891628228483,0.4513606919604917,0.07752847086235654,-0.07752847086235648,over,0.07752847086235654
De'Anthony Melton,FanDuel,14.5,13.567751417025324,0.4551984052925654,0.532258064516129,-0.07705965922356361,0.07705965922356373,under,0.07705965922356373
Kevin Durant,BetOnline.ag,26.5,24.85840716819001,0.39445963154689345,0.4693877551020409,-0.07492812355514744,0.07492812355514733,under,0.07492812355514733
Bruce Brown,FanDuel,6.5,7.449531614063504,0.5938201241256341,0.5191532258064516,0.0746668983191825,-0.0746668983191825,over,0.0746668983191825
Nicolas Claxton,DraftKings,9.5,10.844228008334468,0.6122095546176348,0.5379917512690355,0.07421780334859929,-0.07421780334859923,over,0.07421780334859929
Shai Gilgeous-Alexander,DraftKings,29.5,31.096664586026655,0.5845691350387618,0.510397604391948,0.07417153064681381,-0.07417153064681375,over,0.07417153064681381
Cedric Coward,DraftKings,12.5,13.101806164132892,0.5482116981482252,0.47404053829539794,0.0741711598528273,-0.0741711598528273,over,0.0741711598528273
Jaxson Hayes,FanDuel,6.5,5.894579959548159,0.4543193904483134,0.5281576830249397,-0.07383829257662633,0.07383829257662622,under,0.07383829257662622
Jalen Smith,FanDuel,12.5,11.617605250452417,0.41270246159920576,0.48581617766250607,-0.0731137160633003,0.0731137160633003,under,0.0731137160633003
Bilal Coulibaly,FanDuel,14.5,13.711135970052188,0.4596490491291546,0.532258064516129,-0.0726090153869744,0.07260901538697451,under,0.07260901538697451
Ausar Thompson,FanDuel,9.5,10.455109671292593,0.5716194868091692,0.5,0.07161948680916919,-0.07161948680916919,over,0.07161948680916919
Jarace Walker,FanDuel,14.5,14.842916074703256,0.5334705679537843,0.46209273182957394,0.07137783612421039,-0.07137783612421045,over,0.07137783612421039
Naji Marshall,FanDuel,16.5,18.67864304875968,0.5854144635862555,0.5141838223374939,0.07123064124876155,-0.07123064124876155,over,0.07123064124876155
Nikola Jokic,FanDuel,28.5,26.24622529180133,0.3968135786500586,0.4677419354838709,-0.07092835683381227,0.07092835683381238,under,0.07092835683381238
Ryan Rollins,DraftKings,18.5,17.90017429104173,0.44480750543249814,0.5155112508272668,-0.07070374539476865,0.07070374539476859,under,0.07070374539476859
Gary Payton II,FanDuel,10.5,11.438914235855503,0.5927902899583837,0.5240847784200385,0.06870551153834514,-0.06870551153834514,over,0.06870551153834514
Kevin Durant,FanDuel,26.5,24.85840716819001,0.39445963154689345,0.46209273182957394,-0.06763310028268049,0.06763310028268044,under,0.06763310028268044
Cedric Coward,BetOnline.ag,12.5,13.101806164132892,0.5482116981482252,0.48149290561381863,0.0667187925344066,-0.0667187925344066,over,0.0667187925344066
Austin Reaves,DraftKings,23.5,24.555606599653316,0.5599741328164349,0.4937655860349127,0.06620854678152222,-0.06620854678152222,over,0.06620854678152222
Sam Merrill,FanDuel,13.5,12.144864249999236,0.4023121047542011,0.4677419354838709,-0.06542983072966979,0.0654298307296699,under,0.0654298307296699
Walter Clayton Jr.,FanDuel,10.5,9.476843744910921,0.39905685945197344,0.46209273182957394,-0.0630358723776005,0.06303587237760044,under,0.06303587237760044
Jaxson Hayes,BetOnline.ag,6.5,5.894579959548159,0.4543193904483134,0.5164392569455861,-0.06211986649727275,0.062119866497272636,under,0.062119866497272636
Julius Randle,DraftKings,21.5,19.811439992724235,0.41495641466379607,0.47614107883817425,-0.06118466417437818,0.06118466417437818,under,0.06118466417437818
Naz Reid,BetOnline.ag,12.5,11.876132507743232,0.4388660640008739,0.5,-0.06113393599912609,0.06113393599912609,under,0.06113393599912609
Carlton Carrington,FanDuel,13.5,12.923951613528747,0.47125867001238986,0.532258064516129,-0.060999394503739146,0.06099939450373926,under,0.06099939450373926
Kyle Kuzma,DraftKings,12.5,11.21760589675756,0.4402824867921401,0.5010457625700661,-0.06076327577792595,0.06076327577792601,under,0.06076327577792601
Ausar Thompson,DraftKings,9.5,10.455109671292593,0.5716194868091692,0.512482836100362,0.05913665070880714,-0.05913665070880719,over,0.05913665070880714
Naz Reid,DraftKings,12.5,11.876132507743232,0.4388660640008739,0.4979225527671597,-0.059056488766285775,0.059056488766285886,under,0.059056488766285886
LeBron James,FanDuel,18.5,19.222050378929072,0.5583063670511852,0.5,0.05830636705118519,-0.05830636705118519,over,0.05830636705118519
Brandin Podziemski,DraftKings,15.5,14.3430654546437,0.438831905289347,0.4968624497991968,-0.05803054450984979,0.05803054450984979,under,0.05803054450984979
Max Christie,FanDuel,11.5,10.917612099424511,0.44211977801218927,0.5,-0.05788022198781073,0.05788022198781073,under,0.05788022198781073
Stephon Castle,BetOnline.ag,18.5,16.67166885278906,0.4115603207609162,0.4693877551020409,-0.057827434341124695,0.057827434341124584,under,0.057827434341124584
Austin Reaves,BetOnline.ag,23.5,24.555606599653316,0.5599741328164349,0.5030953363598845,0.05687879645655047,-0.05687879645655053,over,0.05687879645655047
LeBron James,BetOnline.ag,18.5,19.222050378929072,0.5583063670511852,0.5030953363598845,0.05521103069130073,-0.05521103069130079,over,0.05521103069130073
Ryan Rollins,FanDuel,18.5,17.90017429104173,0.44480750543249814,0.5,-0.05519249456750186,0.05519249456750186,under,0.05519249456750186
Taurean Prince,DraftKings,7.5,6.715223625888589,0.4286842263148255,0.4833368048323266,-0.054652578517501105,0.05465257851750105,under,0.05465257851750105
Cedric Coward,FanDuel,12.5,13.101806164132892,0.5482116981482252,0.4939310568053083,0.054280641342916935,-0.05428064134291688,over,0.054280641342916935
Kyle Kuzma,FanDuel,12.5,11.21760589675756,0.4402824867921401,0.4939310568053083,-0.053648570013168195,0.05364857001316825,under,0.05364857001316825
Amen Thompson,FanDuel,18.5,18.647951703268582,0.5141020649108382,0.46209273182957394,0.052009333081264264,-0.05200933308126432,over,0.052009333081264264
Gui Santos,FanDuel,12.5,11.658671226927513,0.43883689049399965,0.48987854251012153,-0.051041652016121875,0.051041652016121764,under,0.051041652016121764
Stephon Castle,FanDuel,18.5,16.67166885278906,0.4115603207609162,0.46209273182957394,-0.050532411068657745,0.05053241106865769,under,0.05053241106865769
Jarace Walker,BetOnline.ag,14.5,14.842916074703256,0.5334705679537843,0.483560743054414,0.04990982489937035,-0.04990982489937046,over,0.04990982489937035
Will Richard,FanDuel,7.5,8.537351606568908,0.5638796823408094,0.5141838223374939,0.049695860003315495,-0.049695860003315495,over,0.049695860003315495
VJ Edgecombe,DraftKings,21.5,20.571319857159917,0.45894666636867454,0.5073240143969199,-0.04837734802824534,0.04837734802824517,under,0.04837734802824517
Jamal Murray,FanDuel,22.5,24.655341555163186,0.5674279077435792,0.5191532258064516,0.048274681937127584,-0.048274681937127584,over,0.048274681937127584
Jerami Grant,DraftKings,17.5,16.389678102563476,0.4465325314103208,0.4947698744769875,-0.048237343066666716,0.048237343066666716,under,0.048237343066666716
LeBron James,DraftKings,18.5,19.222050378929072,0.5583063670511852,0.510397604391948,0.04790876265923716,-0.0479087626592371,over,0.04790876265923716
Tobias Harris,FanDuel,13.5,13.084308910867868,0.4715879386090762,0.5191532258064516,-0.047565287197375405,0.047565287197375405,under,0.047565287197375405
Deandre Ayton,DraftKings,11.5,11.995253434883876,0.5306972692087417,0.4833368048323266,0.04736046437641511,-0.04736046437641517,over,0.04736046437641511
Kevin Huerter,FanDuel,8.5,9.002015451133163,0.5454497040693569,0.5,0.04544970406935689,-0.04544970406935689,over,0.04544970406935689
Duncan Robinson,FanDuel,11.5,11.788058017738663,0.5203449972953004,0.47591522157996147,0.044429775715338904,-0.044429775715338904,over,0.044429775715338904
Donovan Clingan,FanDuel,15.5,14.535294764384112,0.4414148634900422,0.48581617766250607,-0.044401314172463846,0.044401314172463846,under,0.044401314172463846
Ben Saraf,FanDuel,9.5,10.489648659734017,0.5625169977213278,0.5191532258064516,0.04336377191487617,-0.04336377191487617,over,0.04336377191487617
Jaylin Williams,FanDuel,4.5,6.1173153331955055,0.5753007132623884,0.532258064516129,0.043042648746259404,-0.04304264874625929,over,0.043042648746259404
Draymond Green,DraftKings,8.5,9.31603537646312,0.5649081374332814,0.5229664272590613,0.041941710174220104,-0.041941710174220104,over,0.041941710174220104
Tobias Harris,DraftKings,13.5,13.084308910867868,0.4715879386090762,0.512482836100362,-0.04089489749128583,0.040894897491285775,under,0.040894897491285775
Draymond Green,FanDuel,8.5,9.31603537646312,0.5649081374332814,0.5240847784200385,0.040823359013242855,-0.040823359013242855,over,0.040823359013242855
Austin Reaves,FanDuel,23.5,24.555606599653316,0.5599741328164349,0.5191532258064516,0.04082090700998331,-0.04082090700998331,over,0.04082090700998331
Daniel Gafford,FanDuel,9.5,10.62373114998892,0.5722297776840688,0.532258064516129,0.03997171316793979,-0.03997171316793968,over,0.03997171316793979
Donovan Clingan,DraftKings,15.5,14.535294764384112,0.4414148634900422,0.48124062031015497,-0.039825756820112745,0.03982575682011291,under,0.03982575682011291
Jaylen Brown,FanDuel,25.5,25.775151031854875,0.5115512792804446,0.4718423169750604,0.03970896230538423,-0.03970896230538434,over,0.03970896230538423
Deandre Ayton,BetOnline.ag,11.5,11.995253434883876,0.5306972692087417,0.49179655455291227,0.03890071465582945,-0.03890071465582945,over,0.03890071465582945
Amen Thompson,BetOnline.ag,18.5,18.647951703268582,0.5141020649108382,0.4773429454170958,0.03675911949374239,-0.03675911949374244,over,0.03675911949374239
Obi Toppin,FanDuel,8.5,8.942602042272322,0.5303321598933906,0.4939310568053083,0.036401103088082254,-0.0364011030880822,over,0.036401103088082254
Myles Turner,FanDuel,10.5,11.092757002852418,0.5422866538479638,0.5060689431946916,0.03621771065327217,-0.03621771065327212,over,0.03621771065327217
Ziaire Williams,DraftKings,11.5,10.833558821990882,0.4575973110230871,0.4937655860349127,-0.036168275011825624,0.036168275011825624,under,0.036168275011825624
Obi Toppin,BetOnline.ag,8.5,8.942602042272322,0.5303321598933906,0.4948402542722694,0.035491905621121145,-0.035491905621121034,over,0.035491905621121145
Walter Clayton Jr.,DraftKings,9.5,9.476843744910921,0.4976905105970615,0.5330897279740154,-0.03539921737695395,0.035399217376953895,under,0.035399217376953895
C.J. McCollum,FanDuel,17.5,17.59925127230138,0.5065546014309077,0.4718423169750604,0.034712284455847287,-0.0347122844558474,over,0.034712284455847287
Jerami Grant,FanDuel,17.5,16.389678102563476,0.4465325314103208,0.4808467741935484,-0.03431424278322759,0.03431424278322759,under,0.03431424278322759
Walter Clayton Jr.,BetOnline.ag,9.5,9.476843744910921,0.4976905105970615,0.5318542641970282,-0.034163753599966706,0.03416375359996682,under,0.03416375359996682
Collin Sexton,DraftKings,14.5,14.613793898643936,0.5049012019294927,0.47193347193347185,0.03296772999602088,-0.03296772999602071,over,0.03296772999602088
Myles Turner,DraftKings,10.5,11.092757002852418,0.5422866538479638,0.510397604391948,0.03188904945601578,-0.03188904945601573,over,0.03188904945601578
Julius Randle,BetOnline.ag,20.5,19.811439992724235,0.46509870423698974,0.4969046636401156,-0.03180595940312586,0.031805959403125805,under,0.031805959403125805
Deandre Ayton,FanDuel,11.5,11.995253434883876,0.5306972692087417,0.5,0.030697269208741718,-0.030697269208741718,over,0.030697269208741718
C.J. McCollum,DraftKings,17.5,17.59925127230138,0.5065546014309077,0.47614107883817425,0.030413522592733444,-0.030413522592733444,over,0.030413522592733444
Victor Wembanyama,BetOnline.ag,27.5,26.255137437194385,0.44739876730275685,0.4773429454170958,-0.02994417811433897,0.029944178114338915,under,0.029944178114338915
Deni Avdija,DraftKings,24.5,24.767152748724843,0.5125728806088132,0.4833368048323266,0.029236075776486625,-0.02923607577648668,over,0.029236075776486625
Aaron Gordon,FanDuel,16.5,15.759911382273037,0.46476768138499946,0.4939310568053083,-0.029163375420308835,0.02916337542030889,under,0.02916337542030889
Brandin Podziemski,FanDuel,15.5,14.3430654546437,0.438831905289347,0.4677419354838709,-0.028910030194523872,0.028910030194523983,under,0.028910030194523983
Jaylin Williams,BetOnline.ag,5.5,6.1173153331955055,0.5288891628228483,0.5,0.028889162822848258,-0.028889162822848258,over,0.028889162822848258
Cooper Flagg,FanDuel,21.5,21.861138491785564,0.5319688552045924,0.5060689431946916,0.025899912009900716,-0.02589991200990066,over,0.025899912009900716
Victor Wembanyama,FanDuel,27.5,26.255137437194385,0.44739876730275685,0.4718423169750604,-0.024443549672303555,0.024443549672303444,under,0.024443549672303444
Jaylen Brown,BetOnline.ag,25.5,25.775151031854875,0.5115512792804446,0.4876847290640395,0.023866550216405158,-0.02386655021640527,over,0.023866550216405158
Jarace Walker,DraftKings,14.5,14.842916074703256,0.5334705679537843,0.510397604391948,0.0230729635618363,-0.023072963561836246,over,0.0230729635618363
Nicolas Claxton,FanDuel,10.5,10.844228008334468,0.5290983493779149,0.5060689431946916,0.023029406183223244,-0.02302940618322319,over,0.023029406183223244
VJ Edgecombe,FanDuel,21.5,20.571319857159917,0.45894666636867454,0.4808467741935484,-0.021900107824873838,0.021900107824873838,under,0.021900107824873838
Devin Vassell,FanDuel,13.5,13.736228157420536,0.5167100213742989,0.5379072681704261,-0.021197246796127223,0.021197246796127167,under,0.021197246796127167
Amen Thompson,DraftKings,18.5,18.647951703268582,0.5141020649108382,0.4937655860349127,0.02033647887592549,-0.02033647887592549,over,0.02033647887592549
Scoot Henderson,FanDuel,13.5,13.719688939696306,0.5116456332879076,0.5281576830249397,-0.01651204973703213,0.01651204973703202,under,0.01651204973703202
Matas Buzelis,FanDuel,19.5,19.681681256196484,0.5085670521726986,0.4939310568053083,0.014635995367390298,-0.014635995367390242,over,0.014635995367390298
Tre Jones,DraftKings,13.5,13.579866500525808,0.5062956776622316,0.4916850288945246,0.014610648767707013,-0.014610648767707013,over,0.014610648767707013
Julian Champagnie,FanDuel,11.5,11.223598228221029,0.4809589241215797,0.4677419354838709,0.013216988637708815,-0.013216988637708704,over,0.013216988637708815
Toumani Camara,FanDuel,12.5,12.582981990858102,0.5065256912841906,0.5191532258064516,-0.012627534522261064,0.012627534522261064,under,0.012627534522261064
Tre Jones,FanDuel,13.5,13.579866500525808,0.5062956776622316,0.4939310568053083,0.012364620856923303,-0.012364620856923247,over,0.012364620856923303
Duncan Robinson,DraftKings,11.5,11.788058017738663,0.5203449972953004,0.5083149711054754,0.01203002618982496,-0.01203002618982496,over,0.01203002618982496
Bam Adebayo,FanDuel,20.5,21.265981784711396,0.5203633174408411,0.532258064516129,-0.011894747075287926,0.011894747075288037,under,0.011894747075288037
Deni Avdija,FanDuel,24.5,24.767152748724843,0.5125728806088132,0.5240847784200385,-0.011511897811225302,0.011511897811225302,under,0.011511897811225302
Rudy Gobert,BetOnline.ag,12.5,12.54551638896605,0.5026133713404581,0.49179655455291227,0.010816816787545869,-0.010816816787545869,over,0.010816816787545869
Robert Williams,FanDuel,6.5,6.995213961971804,0.5341257680468626,0.5240847784200385,0.010040989626824093,-0.010040989626824093,over,0.010040989626824093
Matas Buzelis,DraftKings,19.5,19.681681256196484,0.5085670521726986,0.5,0.008567052172698597,-0.008567052172698597,over,0.008567052172698597
Taurean Prince,FanDuel,6.5,6.715223625888589,0.5196556225024196,0.5281576830249397,-0.008502060522520116,0.008502060522520005,under,0.008502060522520005
Donte DiVincenzo,DraftKings,11.5,11.590170973923687,0.5063633413878996,0.4979225527671597,0.008440788620739936,-0.008440788620739825,over,0.008440788620739936
Jonathan Kuminga,FanDuel,11.5,11.963830298544611,0.5206489375188103,0.5281576830249397,-0.007508745506129455,0.007508745506129344,under,0.007508745506129344
Julian Champagnie,BetOnline.ag,11.5,11.223598228221029,0.4809589241215797,0.47438944435338465,0.006569479768195052,-0.006569479768194997,over,0.006569479768195052
Donte DiVincenzo,BetOnline.ag,11.5,11.590170973923687,0.5063633413878996,0.5,0.006363341387899624,-0.006363341387899624,over,0.006363341387899624
Klay Thompson,FanDuel,12.5,11.845230705460102,0.4620183122159077,0.4677419354838709,-0.005723623267963163,0.005723623267963274,under,0.005723623267963274
Jonathan Kuminga,DraftKings,11.5,11.963830298544611,0.5206489375188103,0.5259594617046021,-0.0053105241857918095,0.0053105241857918095,under,0.0053105241857918095
Alperen Sengun,DraftKings,18.5,18.672890397739565,0.5093958472123825,0.5145711906744379,-0.005175343462055393,0.005175343462055448,under,0.005175343462055448
Toumani Camara,DraftKings,12.5,12.582981990858102,0.5065256912841906,0.5020774472328402,0.0044482440513503585,-0.0044482440513502475,over,0.0044482440513503585
Paul Reed Jr,DraftKings,8.5,8.777845741709225,0.5216860027091249,0.5259594617046021,-0.004273458995477153,0.004273458995477153,under,0.004273458995477153
Alperen Sengun,BetOnline.ag,18.5,18.672890397739565,0.5093958472123825,0.5051597457277305,0.004236101484652033,-0.004236101484651922,over,0.004236101484652033
Julian Champagnie,DraftKings,11.5,11.223598228221029,0.4809589241215797,0.4770335727409387,0.0039253513806409845,-0.0039253513806409845,over,0.0039253513806409845
Alperen Sengun,FanDuel,18.5,18.672890397739565,0.5093958472123825,0.5060689431946916,0.003326904017690868,-0.0033269040176908127,over,0.003326904017690868
Devin Vassell,BetOnline.ag,13.5,13.736228157420536,0.5167100213742989,0.519675254742772,-0.002965233368473097,0.002965233368473097,under,0.002965233368473097
Ziaire Williams,FanDuel,10.5,10.833558821990882,0.5212529202283578,0.5240847784200385,-0.0028318581916807473,0.0028318581916807473,under,0.0028318581916807473
Rudy Gobert,DraftKings,12.5,12.54551638896605,0.5026133713404581,0.5,0.002613371340458137,-0.002613371340458137,over,0.002613371340458137
Paul Reed Jr,FanDuel,8.5,8.777845741709225,0.5216860027091249,0.5240847784200385,-0.0023987757109136254,0.0023987757109136254,under,0.0023987757109136254
Devin Vassell,DraftKings,13.5,13.736228157420536,0.5167100213742989,0.5155112508272668,0.001198770547032102,-0.0011987705470321575,over,0.001198770547032102
Leonard Miller,FanDuel,8.5,8.726423657651138,0.518181353667273,0.5191532258064516,-0.0009718721391785978,0.0009718721391785978,under,0.0009718721391785978
Jaylen Brown,DraftKings,25.5,25.775151031854875,0.5115512792804446,0.512482836100362,-0.0009315568199174118,0.0009315568199173563,under,0.0009315568199173563
