player_name,bookmaker,line,predicted_rebounds,p_over_model,p_under_model,p_over_market_novig,p_under_market_novig,edge_over,edge_under,best_side,best_edge,calibration_bin,calibration_count
Jock Landale,Bovada,8.5,3.1153586229897154,0.0,1.0,0.48987854251012153,0.5101214574898786,-0.48987854251012153,0.4898785425101214,under,0.4898785425101214,"(-10.0, -5.0]",1
Jock Landale,DraftKings,8.5,3.1153586229897154,0.0,1.0,0.4685598377281947,0.5314401622718052,-0.4685598377281947,0.46855983772819476,under,0.46855983772819476,"(-10.0, -5.0]",1
Jock Landale,BetOnline.ag,8.5,3.1153586229897154,0.0,1.0,0.46322988528598974,0.5367701147140101,-0.46322988528598974,0.46322988528598985,under,0.46322988528598985,"(-10.0, -5.0]",1
Jock Landale,Bovada,7.5,3.1153586229897154,0.15,0.85,0.6090534979423868,0.39094650205761317,-0.4590534979423868,0.4590534979423868,under,0.4590534979423868,"(-5.0, -3.0]",20
Jock Landale,FanDuel,8.5,3.1153586229897154,0.0,1.0,0.45722256664600125,0.5427774333539988,-0.45722256664600125,0.45722256664600125,under,0.45722256664600125,"(-10.0, -5.0]",1
Jock Landale,BetRivers,8.5,3.1153586229897154,0.0,1.0,0.45588680387409203,0.544113196125908,-0.45588680387409203,0.455886803874092,under,0.455886803874092,"(-10.0, -5.0]",1
Jock Landale,BetMGM,8.5,3.1153586229897154,0.0,1.0,0.4424778761061947,0.5575221238938053,-0.4424778761061947,0.4424778761061947,under,0.4424778761061947,"(-10.0, -5.0]",1
Daniss Jenkins,DraftKings,7.5,2.7983456499135735,0.15,0.85,0.5306122448979592,0.4693877551020409,-0.3806122448979592,0.3806122448979591,under,0.3806122448979591,"(-5.0, -3.0]",20
Daniss Jenkins,FanDuel,7.5,2.7983456499135735,0.15,0.85,0.5281576830249397,0.4718423169750604,-0.3781576830249397,0.3781576830249396,under,0.3781576830249396,"(-5.0, -3.0]",20
Julius Randle,FanDuel,10.5,6.905425769915981,0.15,0.85,0.5281576830249397,0.4718423169750604,-0.3781576830249397,0.3781576830249396,under,0.3781576830249396,"(-5.0, -3.0]",20
Jock Landale,Bovada,9.5,3.1153586229897154,0.0,1.0,0.375,0.625,-0.375,0.375,under,0.375,"(-10.0, -5.0]",1
Julius Randle,DraftKings,10.5,6.905425769915981,0.15,0.85,0.48987854251012153,0.5101214574898786,-0.3398785425101215,0.3398785425101214,under,0.3398785425101214,"(-5.0, -3.0]",20
Josh Giddey,Bovada,7.5,7.007277433779547,0.40591668343731135,0.5940833165626886,0.7026022304832714,0.29739776951672864,-0.29668554704596006,0.29668554704596,under,0.29668554704596,"(-1.0, 0.0]",4969
Josh Giddey,Bovada,8.5,7.007277433779547,0.3388581952117864,0.6611418047882136,0.5915279878971256,0.40847201210287437,-0.2526697926853392,0.25266979268533923,under,0.25266979268533923,"(-3.0, -1.0]",543
Paul George,DraftKings,5.5,4.000490621598214,0.3388581952117864,0.6611418047882136,0.5795601552393274,0.4204398447606727,-0.24070196002754096,0.2407019600275409,under,0.2407019600275409,"(-3.0, -1.0]",543
Josh Giddey,Bovada,10.5,7.007277433779547,0.15,0.85,0.375,0.625,-0.225,0.22499999999999998,under,0.22499999999999998,"(-5.0, -3.0]",20
Paul George,FanDuel,5.5,4.000490621598214,0.3388581952117864,0.6611418047882136,0.563470066518847,0.43652993348115304,-0.22461187130706062,0.22461187130706056,under,0.22461187130706056,"(-3.0, -1.0]",543
Devin Carter,Bovada,3.5,2.9262903885477303,0.40591668343731135,0.5940833165626886,0.625,0.375,-0.21908331656268865,0.21908331656268865,under,0.21908331656268865,"(-1.0, 0.0]",4969
Matas Buzelis,Bovada,5.5,5.879762935193751,0.47469458987783597,0.525305410122164,0.6920583468395461,0.3079416531604538,-0.21736375696171018,0.21736375696171023,under,0.21736375696171023,"(0.0, 1.0]",6876
Oso Ighodaro,Bovada,5.5,6.330264534756607,0.47469458987783597,0.525305410122164,0.6875,0.3125,-0.21280541012216403,0.21280541012216403,under,0.21280541012216403,"(0.0, 1.0]",6876
Isaiah Hartenstein,DraftKings,7.5,5.557830117892916,0.3388581952117864,0.6611418047882136,0.5503663681444749,0.4496336318555252,-0.21150817293268853,0.21150817293268842,under,0.21150817293268842,"(-3.0, -1.0]",543
Leonard Miller,BetMGM,7.5,5.345209109717773,0.3388581952117864,0.6611418047882136,0.5346534653465347,0.4653465346534653,-0.1957952701347483,0.1957952701347483,under,0.1957952701347483,"(-3.0, -1.0]",543
Leonard Miller,FanDuel,7.5,5.345209109717773,0.3388581952117864,0.6611418047882136,0.5289256198347108,0.4710743801652893,-0.19006742462292436,0.1900674246229243,under,0.1900674246229243,"(-3.0, -1.0]",543
Joel Embiid,FanDuel,7.5,6.273700225913427,0.3388581952117864,0.6611418047882136,0.5281576830249397,0.4718423169750604,-0.1892994878131533,0.1892994878131532,under,0.1892994878131532,"(-3.0, -1.0]",543
Leonard Miller,DraftKings,7.5,5.345209109717773,0.3388581952117864,0.6611418047882136,0.5273190869354056,0.47268091306459453,-0.18846089172361924,0.18846089172361907,under,0.18846089172361907,"(-3.0, -1.0]",543
Leonard Miller,BetOnline.ag,7.5,5.345209109717773,0.3388581952117864,0.6611418047882136,0.519675254742772,0.480324745257228,-0.1808170595309856,0.1808170595309856,under,0.1808170595309856,"(-3.0, -1.0]",543
Patrick Williams,BetMGM,3.5,2.936474389644956,0.40591668343731135,0.5940833165626886,0.5834970530451867,0.4165029469548134,-0.17758036960787538,0.17758036960787527,under,0.17758036960787527,"(-1.0, 0.0]",4969
Dominick Barlow,DraftKings,2.5,4.489955691138633,0.5967894239848914,0.40321057601510857,0.4204398447606727,0.5795601552393274,0.17634957922421873,-0.1763495792242188,over,0.17634957922421873,"(1.0, 3.0]",1059
Patrick Williams,FanDuel,3.5,2.936474389644956,0.40591668343731135,0.5940833165626886,0.5795601552393274,0.4204398447606727,-0.173643471802016,0.17364347180201595,under,0.17364347180201595,"(-1.0, 0.0]",4969
Joel Embiid,DraftKings,7.5,6.273700225913427,0.3388581952117864,0.6611418047882136,0.5101214574898786,0.48987854251012153,-0.1712632622780922,0.17126326227809208,under,0.17126326227809208,"(-3.0, -1.0]",543
Taylor Hendricks,Bovada,4.5,4.240360858488856,0.40591668343731135,0.5940833165626886,0.5751633986928104,0.4248366013071895,-0.16924671525549906,0.16924671525549917,under,0.16924671525549917,"(-1.0, 0.0]",4969
Ryan Kalkbrenner,FanDuel,3.5,5.40677954168023,0.5967894239848914,0.40321057601510857,0.4282584157758449,0.571741584224155,0.16853100820904654,-0.16853100820904643,over,0.16853100820904654,"(1.0, 3.0]",1059
Oso Ighodaro,FanDuel,6.5,6.330264534756607,0.40591668343731135,0.5940833165626886,0.5715249662618084,0.42847503373819157,-0.16560828282449702,0.16560828282449708,under,0.16560828282449708,"(-1.0, 0.0]",4969
Josh Giddey,BetMGM,9.5,7.007277433779547,0.3388581952117864,0.6611418047882136,0.5,0.5,-0.1611418047882136,0.1611418047882136,under,0.1611418047882136,"(-3.0, -1.0]",543
Patrick Williams,BetOnline.ag,3.5,2.936474389644956,0.40591668343731135,0.5940833165626886,0.5668912415784408,0.43310875842155927,-0.1609745581411295,0.16097455814112938,under,0.16097455814112938,"(-1.0, 0.0]",4969
Taylor Hendricks,BetRivers,4.5,4.240360858488856,0.40591668343731135,0.5940833165626886,0.5665958379709265,0.43340416202907345,-0.16067915453361514,0.1606791545336152,under,0.1606791545336152,"(-1.0, 0.0]",4969
Matas Buzelis,Bovada,6.5,5.879762935193751,0.40591668343731135,0.5940833165626886,0.5633187772925764,0.43668122270742354,-0.15740209385526505,0.1574020938552651,under,0.1574020938552651,"(-1.0, 0.0]",4969
Josh Giddey,FanDuel,9.5,7.007277433779547,0.3388581952117864,0.6611418047882136,0.4958445875753168,0.5041554124246831,-0.1569863923635304,0.1569863923635305,under,0.1569863923635305,"(-3.0, -1.0]",543
Patrick Williams,DraftKings,3.5,2.936474389644956,0.40591668343731135,0.5940833165626886,0.5621716287215411,0.43782837127845886,-0.15625494528422978,0.15625494528422978,under,0.15625494528422978,"(-1.0, 0.0]",4969
Oso Ighodaro,BetRivers,6.5,6.330264534756607,0.40591668343731135,0.5940833165626886,0.5588235294117647,0.4411764705882353,-0.15290684597445336,0.15290684597445336,under,0.15290684597445336,"(-1.0, 0.0]",4969
Coby White,DraftKings,3.5,2.9179796023124474,0.40591668343731135,0.5940833165626886,0.558797046641455,0.4412029533585449,-0.15288036320414367,0.15288036320414372,under,0.15288036320414372,"(-1.0, 0.0]",4969
Josh Giddey,BetRivers,9.5,7.007277433779547,0.3388581952117864,0.6611418047882136,0.4901435104873048,0.5098564895126951,-0.15128531527551842,0.15128531527551847,under,0.15128531527551847,"(-3.0, -1.0]",543
Mouhamed Gueye,BetMGM,5.5,3.8166848740793635,0.3388581952117864,0.6611418047882136,0.48987854251012153,0.5101214574898786,-0.15102034729833513,0.15102034729833502,under,0.15102034729833502,"(-3.0, -1.0]",543
Royce O'Neale,Bovada,3.5,4.091155434328691,0.47469458987783597,0.525305410122164,0.625,0.375,-0.15030541012216403,0.15030541012216403,under,0.15030541012216403,"(0.0, 1.0]",6876
Taylor Hendricks,BetOnline.ag,4.5,4.240360858488856,0.40591668343731135,0.5940833165626886,0.5553135493238951,0.4446864506761049,-0.14939686588658374,0.14939686588658374,under,0.14939686588658374,"(-1.0, 0.0]",4969
Oso Ighodaro,DraftKings,6.5,6.330264534756607,0.40591668343731135,0.5940833165626886,0.5548317046688382,0.4451682953311618,-0.1489150212315269,0.14891502123152683,under,0.14891502123152683,"(-1.0, 0.0]",4969
Taylor Hendricks,FanDuel,4.5,4.240360858488856,0.40591668343731135,0.5940833165626886,0.5543606364172068,0.4456393635827931,-0.14844395297989543,0.14844395297989554,under,0.14844395297989554,"(-1.0, 0.0]",4969
Oso Ighodaro,Bovada,6.5,6.330264534756607,0.40591668343731135,0.5940833165626886,0.554140127388535,0.4458598726114649,-0.14822344395122367,0.14822344395122372,under,0.14822344395122372,"(-1.0, 0.0]",4969
Josh Giddey,BetOnline.ag,9.5,7.007277433779547,0.3388581952117864,0.6611418047882136,0.483560743054414,0.5164392569455861,-0.1447025478426276,0.14470254784262748,under,0.14470254784262748,"(-3.0, -1.0]",543
Oso Ighodaro,BetOnline.ag,6.5,6.330264534756607,0.40591668343731135,0.5940833165626886,0.548925656958898,0.45107434304110205,-0.1430089735215866,0.1430089735215866,under,0.1430089735215866,"(-1.0, 0.0]",4969
Mouhamed Gueye,FanDuel,5.5,3.8166848740793635,0.3388581952117864,0.6611418047882136,0.48124062031015497,0.5187593796898449,-0.14238242509836857,0.14238242509836874,under,0.14238242509836874,"(-3.0, -1.0]",543
Nickeil Alexander-Walker,BetRivers,3.5,3.3827875182071296,0.40591668343731135,0.5940833165626886,0.5479742549946055,0.4520257450053946,-0.14205757155729415,0.14205757155729404,under,0.14205757155729404,"(-1.0, 0.0]",4969
Devin Carter,BetMGM,4.5,2.9262903885477303,0.3388581952117864,0.6611418047882136,0.4796954314720812,0.5203045685279188,-0.14083723626029482,0.14083723626029476,under,0.14083723626029476,"(-3.0, -1.0]",543
Josh Giddey,DraftKings,9.5,7.007277433779547,0.3388581952117864,0.6611418047882136,0.4796954314720812,0.5203045685279188,-0.14083723626029482,0.14083723626029476,under,0.14083723626029476,"(-3.0, -1.0]",543
Josh Giddey,Bovada,9.5,7.007277433779547,0.3388581952117864,0.6611418047882136,0.4796954314720812,0.5203045685279188,-0.14083723626029482,0.14083723626029476,under,0.14083723626029476,"(-3.0, -1.0]",543
Matas Buzelis,FanDuel,6.5,5.879762935193751,0.40591668343731135,0.5940833165626886,0.5467012037178121,0.45329879628218805,-0.1407845202805007,0.1407845202805006,under,0.1407845202805006,"(-1.0, 0.0]",4969
Isaiah Hartenstein,FanDuel,8.5,5.557830117892916,0.3388581952117864,0.6611418047882136,0.47591522157996147,0.5240847784200385,-0.13705702636817507,0.13705702636817507,under,0.13705702636817507,"(-3.0, -1.0]",543
Jalen Johnson,FanDuel,10.5,10.180561720763558,0.40591668343731135,0.5940833165626886,0.5427774333539988,0.45722256664600125,-0.1368607499166874,0.1368607499166874,under,0.1368607499166874,"(-1.0, 0.0]",4969
Nickeil Alexander-Walker,FanDuel,3.5,3.3827875182071296,0.40591668343731135,0.5940833165626886,0.5371848068943506,0.46281519310564956,-0.1312681234570392,0.1312681234570391,under,0.1312681234570391,"(-1.0, 0.0]",4969
Isaac Okoro,Bovada,2.5,2.8640566014001982,0.47469458987783597,0.525305410122164,0.6017069701280228,0.3982930298719772,-0.1270123802501868,0.12701238025018685,under,0.12701238025018685,"(0.0, 1.0]",6876
Karl-Anthony Towns,DraftKings,10.5,12.245213481691598,0.5967894239848914,0.40321057601510857,0.46979581974145224,0.5302041802585478,0.1269936042434392,-0.1269936042434392,over,0.1269936042434392,"(1.0, 3.0]",1059
Rob Dillingham,FanDuel,2.5,2.747937078432519,0.47469458987783597,0.525305410122164,0.5997896704837579,0.4002103295162421,-0.1250950806059219,0.12509508060592195,under,0.12509508060592195,"(0.0, 1.0]",6876
Devin Carter,DraftKings,4.5,2.9262903885477303,0.3388581952117864,0.6611418047882136,0.46366014107949594,0.5363398589205041,-0.12480194586770954,0.12480194586770954,under,0.12480194586770954,"(-3.0, -1.0]",543
Mouhamed Gueye,BetOnline.ag,5.5,3.8166848740793635,0.3388581952117864,0.6611418047882136,0.46322988528598974,0.5367701147140101,-0.12437169007420334,0.12437169007420346,under,0.12437169007420346,"(-3.0, -1.0]",543
Devin Carter,BetOnline.ag,4.5,2.9262903885477303,0.3388581952117864,0.6611418047882136,0.46042319749216293,0.539576802507837,-0.12156500228037653,0.12156500228037659,under,0.12156500228037659,"(-3.0, -1.0]",543
Matas Buzelis,BetRivers,6.5,5.879762935193751,0.40591668343731135,0.5940833165626886,0.5274208712002507,0.4725791287997492,-0.12150418776293936,0.12150418776293942,under,0.12150418776293942,"(-1.0, 0.0]",4969
Devin Carter,Bovada,4.5,2.9262903885477303,0.3388581952117864,0.6611418047882136,0.4592085979482169,0.5407914020517831,-0.1203504027364305,0.1203504027364305,under,0.1203504027364305,"(-3.0, -1.0]",543
Oso Ighodaro,BetMGM,6.5,6.330264534756607,0.40591668343731135,0.5940833165626886,0.5246062992125985,0.4753937007874017,-0.11868961577528714,0.11868961577528697,under,0.11868961577528697,"(-1.0, 0.0]",4969
Jalen Johnson,Bovada,9.5,10.180561720763558,0.47469458987783597,0.525305410122164,0.5915279878971256,0.40847201210287437,-0.1168333980192896,0.11683339801928966,under,0.11683339801928966,"(0.0, 1.0]",6876
Precious Achiuwa,Bovada,7.5,8.363029721141203,0.47469458987783597,0.525305410122164,0.5915279878971256,0.40847201210287437,-0.1168333980192896,0.11683339801928966,under,0.11683339801928966,"(0.0, 1.0]",6876
Maxime Raynaud,Bovada,8.5,8.825488595114452,0.47469458987783597,0.525305410122164,0.5915279878971256,0.40847201210287437,-0.1168333980192896,0.11683339801928966,under,0.11683339801928966,"(0.0, 1.0]",6876
Matas Buzelis,BetMGM,7.5,5.879762935193751,0.3388581952117864,0.6611418047882136,0.4554079696394686,0.5445920303605313,-0.11654977442768222,0.11654977442768233,under,0.11654977442768233,"(-3.0, -1.0]",543
Nickeil Alexander-Walker,DraftKings,3.5,3.3827875182071296,0.40591668343731135,0.5940833165626886,0.5223540887660543,0.4776459112339457,-0.11643740532874292,0.11643740532874297,under,0.11643740532874297,"(-1.0, 0.0]",4969
Tobias Harris,FanDuel,2.5,4.498233077946851,0.5967894239848914,0.40321057601510857,0.4808467741935484,0.5191532258064516,0.11594264979134306,-0.11594264979134306,over,0.11594264979134306,"(1.0, 3.0]",1059
Rob Dillingham,DraftKings,2.5,2.747937078432519,0.47469458987783597,0.525305410122164,0.5904747459426665,0.40952525405733353,-0.1157801560648305,0.1157801560648305,under,0.1157801560648305,"(0.0, 1.0]",6876
Nickeil Alexander-Walker,Bovada,3.5,3.3827875182071296,0.40591668343731135,0.5940833165626886,0.5203045685279188,0.4796954314720812,-0.11438788509060749,0.11438788509060743,under,0.11438788509060743,"(-1.0, 0.0]",4969
Jalen Johnson,BetRivers,10.5,10.180561720763558,0.40591668343731135,0.5940833165626886,0.5186523207413807,0.4813476792586193,-0.11273563730406932,0.11273563730406932,under,0.11273563730406932,"(-1.0, 0.0]",4969
Duncan Robinson,DraftKings,2.5,2.7508708807113216,0.47469458987783597,0.525305410122164,0.3621495327102804,0.6378504672897196,0.11254505716755558,-0.11254505716755558,over,0.11254505716755558,"(0.0, 1.0]",6876
Devin Carter,FanDuel,4.5,2.9262903885477303,0.3388581952117864,0.6611418047882136,0.449438202247191,0.550561797752809,-0.1105800070354046,0.1105800070354046,under,0.1105800070354046,"(-3.0, -1.0]",543
Jordan Goodwin,Bovada,4.5,5.4829699420569895,0.47469458987783597,0.525305410122164,0.5834970530451867,0.4165029469548134,-0.10880246316735076,0.10880246316735065,under,0.10880246316735065,"(0.0, 1.0]",6876
Olivier-Maxence Prosper,Bovada,4.5,4.646937054252791,0.47469458987783597,0.525305410122164,0.5834970530451867,0.4165029469548134,-0.10880246316735076,0.10880246316735065,under,0.10880246316735065,"(0.0, 1.0]",6876
C.J. McCollum,Bovada,4.5,3.554796282083305,0.40591668343731135,0.5940833165626886,0.29739776951672864,0.7026022304832714,0.10851891392058272,-0.10851891392058277,over,0.10851891392058272,"(-1.0, 0.0]",4969
Tobias Harris,DraftKings,2.5,4.498233077946851,0.5967894239848914,0.40321057601510857,0.48987854251012153,0.5101214574898786,0.1069108814747699,-0.10691088147477001,over,0.1069108814747699,"(1.0, 3.0]",1059
Jalen Johnson,Bovada,8.5,10.180561720763558,0.5967894239848914,0.40321057601510857,0.7026022304832714,0.29739776951672864,-0.10581280649837999,0.10581280649837993,under,0.10581280649837993,"(1.0, 3.0]",1059
Maxime Raynaud,Bovada,7.5,8.825488595114452,0.5967894239848914,0.40321057601510857,0.7026022304832714,0.29739776951672864,-0.10581280649837999,0.10581280649837993,under,0.10581280649837993,"(1.0, 3.0]",1059
Mouhamed Gueye,DraftKings,5.5,3.8166848740793635,0.3388581952117864,0.6611418047882136,0.4439952351730859,0.5560047648269141,-0.10513703996129953,0.10513703996129953,under,0.10513703996129953,"(-3.0, -1.0]",543
Nickeil Alexander-Walker,BetOnline.ag,3.5,3.3827875182071296,0.40591668343731135,0.5940833165626886,0.5102580936358787,0.48974190636412124,-0.10434141019856735,0.10434141019856741,under,0.10434141019856741,"(-1.0, 0.0]",4969
Zaccharie Risacher,BetMGM,4.5,4.154839863239178,0.40591668343731135,0.5940833165626886,0.5101214574898786,0.48987854251012153,-0.10420477405256723,0.10420477405256712,under,0.10420477405256712,"(-1.0, 0.0]",4969
Malik Monk,BetMGM,2.5,1.785091660374734,0.40591668343731135,0.5940833165626886,0.5101214574898786,0.48987854251012153,-0.10420477405256723,0.10420477405256712,under,0.10420477405256712,"(-1.0, 0.0]",4969
Cason Wallace,FanDuel,2.5,2.8790619630095002,0.47469458987783597,0.525305410122164,0.5785341998584389,0.421465800141561,-0.10383960998060293,0.10383960998060304,under,0.10383960998060304,"(0.0, 1.0]",6876
Karl-Anthony Towns,FanDuel,10.5,12.245213481691598,0.5967894239848914,0.40321057601510857,0.4939310568053083,0.5060689431946916,0.10285836717958313,-0.10285836717958308,over,0.10285836717958313,"(1.0, 3.0]",1059
Mitchell Robinson,DraftKings,7.5,7.443470026009957,0.40591668343731135,0.5940833165626886,0.5080942166821806,0.4919057833178194,-0.10217753324486922,0.10217753324486922,under,0.10217753324486922,"(-1.0, 0.0]",4969
Matas Buzelis,DraftKings,7.5,5.879762935193751,0.3388581952117864,0.6611418047882136,0.4396419301869802,0.5603580698130197,-0.10078373497519383,0.10078373497519388,under,0.10078373497519388,"(-3.0, -1.0]",543
Cody Williams,Bovada,4.5,4.614353790832372,0.47469458987783597,0.525305410122164,0.375,0.625,0.09969458987783597,-0.09969458987783597,over,0.09969458987783597,"(0.0, 1.0]",6876
Brice Sensabaugh,Bovada,4.5,4.023910613210546,0.40591668343731135,0.5940833165626886,0.3079416531604538,0.6920583468395461,0.09797503027685756,-0.0979750302768575,over,0.09797503027685756,"(-1.0, 0.0]",4969
Tre Jones,Bovada,4.5,3.789174641949944,0.40591668343731135,0.5940833165626886,0.3079416531604538,0.6920583468395461,0.09797503027685756,-0.0979750302768575,over,0.09797503027685756,"(-1.0, 0.0]",4969
Matas Buzelis,Bovada,7.5,5.879762935193751,0.3388581952117864,0.6611418047882136,0.43668122270742354,0.5633187772925764,-0.09782302749563715,0.0978230274956372,under,0.0978230274956372,"(-3.0, -1.0]",543
Oso Ighodaro,Bovada,7.5,6.330264534756607,0.3388581952117864,0.6611418047882136,0.43668122270742354,0.5633187772925764,-0.09782302749563715,0.0978230274956372,under,0.0978230274956372,"(-3.0, -1.0]",543
Jalen Johnson,BetOnline.ag,10.5,10.180561720763558,0.40591668343731135,0.5940833165626886,0.5030953363598845,0.4969046636401156,-0.0971786529225731,0.09717865292257305,under,0.09717865292257305,"(-1.0, 0.0]",4969
Rob Dillingham,BetOnline.ag,2.5,2.747937078432519,0.47469458987783597,0.525305410122164,0.5692871193108593,0.43071288068914054,-0.09459252943302332,0.09459252943302349,under,0.09459252943302349,"(0.0, 1.0]",6876
Matas Buzelis,BetOnline.ag,7.5,5.879762935193751,0.3388581952117864,0.6611418047882136,0.43310875842155927,0.5668912415784408,-0.09425056320977288,0.09425056320977276,under,0.09425056320977276,"(-3.0, -1.0]",543
Kon Knueppel,FanDuel,6.5,4.902517895084689,0.3388581952117864,0.6611418047882136,0.4329742261011864,0.5670257738988136,-0.09411603088940002,0.09411603088940002,under,0.09411603088940002,"(-3.0, -1.0]",543
VJ Edgecombe,DraftKings,5.5,5.415490402750963,0.40591668343731135,0.5940833165626886,0.5,0.5,-0.09408331656268865,0.09408331656268865,under,0.09408331656268865,"(-1.0, 0.0]",4969
Zaccharie Risacher,FanDuel,4.5,4.154839863239178,0.40591668343731135,0.5940833165626886,0.5,0.5,-0.09408331656268865,0.09408331656268865,under,0.09408331656268865,"(-1.0, 0.0]",4969
Cedric Coward,Bovada,4.5,6.7837365811987045,0.5967894239848914,0.40321057601510857,0.6875,0.3125,-0.09071057601510857,0.09071057601510857,under,0.09071057601510857,"(1.0, 3.0]",1059
Malik Monk,DraftKings,2.5,1.785091660374734,0.40591668343731135,0.5940833165626886,0.494909179767044,0.5050908202329559,-0.08899249632973266,0.08899249632973272,under,0.08899249632973272,"(-1.0, 0.0]",4969
Mitchell Robinson,FanDuel,7.5,7.443470026009957,0.40591668343731135,0.5940833165626886,0.4939310568053083,0.5060689431946916,-0.08801437336799695,0.088014373367997,under,0.088014373367997,"(-1.0, 0.0]",4969
Miles Bridges,FanDuel,5.5,5.180079300037858,0.40591668343731135,0.5940833165626886,0.4939310568053083,0.5060689431946916,-0.08801437336799695,0.088014373367997,under,0.088014373367997,"(-1.0, 0.0]",4969
Taylor Hendricks,DraftKings,5.5,4.240360858488856,0.3388581952117864,0.6611418047882136,0.4260237780713342,0.5739762219286657,-0.08716558285954779,0.0871655828595479,under,0.0871655828595479,"(-3.0, -1.0]",543
Jalen Johnson,DraftKings,10.5,10.180561720763558,0.40591668343731135,0.5940833165626886,0.4928711096627016,0.5071288903372982,-0.08695442622539024,0.0869544262253904,under,0.0869544262253904,"(-1.0, 0.0]",4969
Taylor Hendricks,Bovada,5.5,4.240360858488856,0.3388581952117864,0.6611418047882136,0.4248366013071895,0.5751633986928104,-0.08597840609540308,0.08597840609540319,under,0.08597840609540319,"(-3.0, -1.0]",543
Malik Monk,BetOnline.ag,2.5,1.785091660374734,0.40591668343731135,0.5940833165626886,0.49179655455291227,0.5082034454470877,-0.08587987111560091,0.08587987111560091,under,0.08587987111560091,"(-1.0, 0.0]",4969
Zaccharie Risacher,BetOnline.ag,4.5,4.154839863239178,0.40591668343731135,0.5940833165626886,0.49179655455291227,0.5082034454470877,-0.08587987111560091,0.08587987111560091,under,0.08587987111560091,"(-1.0, 0.0]",4969
LaMelo Ball,DraftKings,4.5,4.623995446286303,0.47469458987783597,0.525305410122164,0.558797046641455,0.4412029533585449,-0.08410245676361905,0.0841024567636191,under,0.0841024567636191,"(0.0, 1.0]",6876
Jalen Johnson,Bovada,10.5,10.180561720763558,0.40591668343731135,0.5940833165626886,0.48987854251012153,0.5101214574898786,-0.08396185907281017,0.08396185907281006,under,0.08396185907281006,"(-1.0, 0.0]",4969
Jalen Johnson,BetMGM,10.5,10.180561720763558,0.40591668343731135,0.5940833165626886,0.48987854251012153,0.5101214574898786,-0.08396185907281017,0.08396185907281006,under,0.08396185907281006,"(-1.0, 0.0]",4969
Malik Monk,Bovada,2.5,1.785091660374734,0.40591668343731135,0.5940833165626886,0.48987854251012153,0.5101214574898786,-0.08396185907281017,0.08396185907281006,under,0.08396185907281006,"(-1.0, 0.0]",4969
Rob Dillingham,BetMGM,2.5,2.747937078432519,0.47469458987783597,0.525305410122164,0.5575221238938053,0.4424778761061947,-0.08282753401596932,0.08282753401596932,under,0.08282753401596932,"(0.0, 1.0]",6876
Jalen Williams,DraftKings,3.5,4.086613441582269,0.47469458987783597,0.525305410122164,0.5566882639050917,0.4433117360949082,-0.08199367402725577,0.08199367402725583,under,0.08199367402725583,"(0.0, 1.0]",6876
Tyrese Maxey,DraftKings,3.5,3.6815747355716413,0.47469458987783597,0.525305410122164,0.39325842696629215,0.6067415730337079,0.08143616291154382,-0.08143616291154387,over,0.08143616291154382,"(0.0, 1.0]",6876
Ace Bailey,Bovada,3.5,4.763645292904361,0.5967894239848914,0.40321057601510857,0.6768402154398564,0.32315978456014366,-0.08005079145496496,0.08005079145496491,under,0.08005079145496491,"(1.0, 3.0]",1059
Maxime Raynaud,FanDuel,8.5,8.825488595114452,0.47469458987783597,0.525305410122164,0.5543606364172068,0.4456393635827931,-0.07966604653937082,0.07966604653937093,under,0.07966604653937093,"(0.0, 1.0]",6876
Devin Carter,BetRivers,4.5,2.9262903885477303,0.3388581952117864,0.6611418047882136,0.41757244960197687,0.5824275503980232,-0.07871425439019047,0.07871425439019042,under,0.07871425439019042,"(-3.0, -1.0]",543
Josh Hart,DraftKings,6.5,8.120013939579968,0.5967894239848914,0.40321057601510857,0.5182600227235838,0.48173997727641615,0.07852940126130759,-0.07852940126130759,over,0.07852940126130759,"(1.0, 3.0]",1059
Grayson Allen,Bovada,3.5,3.197745925610455,0.40591668343731135,0.5940833165626886,0.32941176470588235,0.6705882352941177,0.076504918731429,-0.07650491873142906,over,0.076504918731429,"(-1.0, 0.0]",4969
Rudy Gobert,FanDuel,12.5,12.54812756419283,0.47469458987783597,0.525305410122164,0.5510744774801295,0.44892552251987045,-0.07637988760229353,0.07637988760229358,under,0.07637988760229358,"(0.0, 1.0]",6876
Cason Wallace,DraftKings,2.5,2.8790619630095002,0.47469458987783597,0.525305410122164,0.5503663681444749,0.4496336318555252,-0.07567177826663896,0.07567177826663884,under,0.07567177826663884,"(0.0, 1.0]",6876
Kelly Oubre Jr,DraftKings,3.5,3.5035813902658557,0.47469458987783597,0.525305410122164,0.4007285974499089,0.599271402550091,0.07396599242792706,-0.07396599242792701,over,0.07396599242792706,"(0.0, 1.0]",6876
Maxime Raynaud,Bovada,9.5,8.825488595114452,0.40591668343731135,0.5940833165626886,0.4796954314720812,0.5203045685279188,-0.07377874803476986,0.0737787480347698,under,0.0737787480347698,"(-1.0, 0.0]",4969
Royce O'Neale,BetMGM,4.5,4.091155434328691,0.40591668343731135,0.5940833165626886,0.4796954314720812,0.5203045685279188,-0.07377874803476986,0.0737787480347698,under,0.0737787480347698,"(-1.0, 0.0]",4969
Nickeil Alexander-Walker,BetMGM,3.5,3.3827875182071296,0.40591668343731135,0.5940833165626886,0.4796954314720812,0.5203045685279188,-0.07377874803476986,0.0737787480347698,under,0.0737787480347698,"(-1.0, 0.0]",4969
DeMar DeRozan,FanDuel,2.5,2.9167806511623797,0.47469458987783597,0.525305410122164,0.5467012037178121,0.45329879628218805,-0.07200661383997609,0.07200661383997597,under,0.07200661383997597,"(0.0, 1.0]",6876
Kon Knueppel,DraftKings,6.5,4.902517895084689,0.3388581952117864,0.6611418047882136,0.4106205619018215,0.5893794380981784,-0.0717623666900351,0.07176236669003522,under,0.07176236669003522,"(-3.0, -1.0]",543
Maxime Raynaud,BetRivers,9.5,8.825488595114452,0.40591668343731135,0.5940833165626886,0.4773835745752045,0.5226164254247954,-0.07146689113789312,0.07146689113789328,under,0.07146689113789328,"(-1.0, 0.0]",4969
Maxime Raynaud,DraftKings,9.5,8.825488595114452,0.40591668343731135,0.5940833165626886,0.4767751837789805,0.5232248162210195,-0.07085850034166913,0.07085850034166918,under,0.07085850034166918,"(-1.0, 0.0]",4969
Grayson Allen,BetMGM,2.5,3.197745925610455,0.47469458987783597,0.525305410122164,0.5445920303605313,0.4554079696394686,-0.0698974404826953,0.06989744048269542,under,0.06989744048269542,"(0.0, 1.0]",6876
Grayson Allen,BetRivers,2.5,3.197745925610455,0.47469458987783597,0.525305410122164,0.544113196125908,0.45588680387409203,-0.06941860624807206,0.069418606248072,under,0.069418606248072,"(0.0, 1.0]",6876
DeMar DeRozan,DraftKings,2.5,2.9167806511623797,0.47469458987783597,0.525305410122164,0.5430984833941255,0.45690151660587436,-0.0684038935162895,0.06840389351628967,under,0.06840389351628967,"(0.0, 1.0]",6876
Precious Achiuwa,BetRivers,7.5,8.363029721141203,0.47469458987783597,0.525305410122164,0.542636252296387,0.45736374770361293,-0.06794166241855104,0.0679416624185511,under,0.0679416624185511,"(0.0, 1.0]",6876
Zaccharie Risacher,DraftKings,4.5,4.154839863239178,0.40591668343731135,0.5940833165626886,0.47268091306459453,0.5273190869354056,-0.06676422962728318,0.06676422962728301,under,0.06676422962728301,"(-1.0, 0.0]",4969
Collin Gillespie,BetRivers,4.5,4.886705638460128,0.47469458987783597,0.525305410122164,0.40801186943620177,0.5919881305637983,0.0666827204416342,-0.06668272044163426,over,0.0666827204416342,"(0.0, 1.0]",6876
Cedric Coward,BetRivers,5.5,6.7837365811987045,0.5967894239848914,0.40321057601510857,0.5302120692343677,0.4697879307656324,0.06657735475052373,-0.06657735475052384,over,0.06657735475052373,"(1.0, 3.0]",1059
Cedric Coward,Bovada,6.5,6.7837365811987045,0.47469458987783597,0.525305410122164,0.40847201210287437,0.5915279878971256,0.0662225777749616,-0.06622257777496154,over,0.0662225777749616,"(0.0, 1.0]",6876
DeMar DeRozan,Bovada,2.5,2.9167806511623797,0.47469458987783597,0.525305410122164,0.5407914020517831,0.4592085979482169,-0.06609681217394714,0.06609681217394714,under,0.06609681217394714,"(0.0, 1.0]",6876
Nique Clifford,Bovada,5.5,4.517447773406029,0.40591668343731135,0.5940833165626886,0.33999999999999997,0.66,0.06591668343731139,-0.06591668343731139,over,0.06591668343731139,"(-1.0, 0.0]",4969
Jalen Green,Bovada,5.5,4.600934633989891,0.40591668343731135,0.5940833165626886,0.33999999999999997,0.66,0.06591668343731139,-0.06591668343731139,over,0.06591668343731139,"(-1.0, 0.0]",4969
Naz Reid,DraftKings,4.5,5.150941060215538,0.47469458987783597,0.525305410122164,0.4106205619018215,0.5893794380981784,0.06407402797601447,-0.06407402797601436,over,0.06407402797601447,"(0.0, 1.0]",6876
Cedric Coward,FanDuel,5.5,6.7837365811987045,0.5967894239848914,0.40321057601510857,0.5330897279740154,0.4669102720259846,0.063699696010876,-0.06369969601087605,over,0.063699696010876,"(1.0, 3.0]",1059
Precious Achiuwa,Bovada,8.5,8.363029721141203,0.40591668343731135,0.5940833165626886,0.4693877551020409,0.5306122448979592,-0.06347107166472954,0.06347107166472943,under,0.06347107166472943,"(-1.0, 0.0]",4969
DeMar DeRozan,BetOnline.ag,2.5,2.9167806511623797,0.47469458987783597,0.525305410122164,0.5367701147140101,0.46322988528598974,-0.06207552483617418,0.06207552483617429,under,0.06207552483617429,"(0.0, 1.0]",6876
Naz Reid,FanDuel,4.5,5.150941060215538,0.47469458987783597,0.525305410122164,0.4137845849802372,0.5862154150197628,0.06091000489759879,-0.06091000489759879,over,0.06091000489759879,"(0.0, 1.0]",6876
DeMar DeRozan,BetMGM,2.5,2.9167806511623797,0.47469458987783597,0.525305410122164,0.5346534653465347,0.4653465346534653,-0.059958875468698714,0.059958875468698714,under,0.059958875468698714,"(0.0, 1.0]",6876
Precious Achiuwa,DraftKings,8.5,8.363029721141203,0.40591668343731135,0.5940833165626886,0.46569264285571527,0.5343073571442848,-0.05977595941840391,0.05977595941840386,under,0.05977595941840386,"(-1.0, 0.0]",4969
Devin Booker,DraftKings,3.5,4.437043538274253,0.47469458987783597,0.525305410122164,0.5343073571442848,0.46569264285571527,-0.05961276726644882,0.05961276726644876,under,0.05961276726644876,"(0.0, 1.0]",6876
Jordan Goodwin,BetMGM,5.5,5.4829699420569895,0.40591668343731135,0.5940833165626886,0.4653465346534653,0.5346534653465347,-0.05942985121615396,0.05942985121615396,under,0.05942985121615396,"(-1.0, 0.0]",4969
Precious Achiuwa,BetMGM,8.5,8.363029721141203,0.40591668343731135,0.5940833165626886,0.4653465346534653,0.5346534653465347,-0.05942985121615396,0.05942985121615396,under,0.05942985121615396,"(-1.0, 0.0]",4969
Royce O'Neale,BetOnline.ag,4.5,4.091155434328691,0.40591668343731135,0.5940833165626886,0.46526552222043954,0.5347344777795604,-0.05934883878312819,0.059348838783128244,under,0.059348838783128244,"(-1.0, 0.0]",4969
Devin Booker,BetRivers,3.5,4.437043538274253,0.47469458987783597,0.525305410122164,0.5338645418326693,0.4661354581673307,-0.05916995195483332,0.05916995195483332,under,0.05916995195483332,"(0.0, 1.0]",6876
G.G. Jackson,Bovada,6.5,5.767193722740215,0.40591668343731135,0.5940833165626886,0.34700315457413244,0.6529968454258674,0.05891352886317891,-0.0589135288631788,over,0.05891352886317891,"(-1.0, 0.0]",4969
Corey Kispert,BetOnline.ag,3.5,1.9840382943076593,0.3388581952117864,0.6611418047882136,0.39775319343065696,0.602246806569343,-0.058894998218870565,0.058894998218870565,under,0.058894998218870565,"(-3.0, -1.0]",543
Mikal Bridges,DraftKings,3.5,3.6915059711658347,0.47469458987783597,0.525305410122164,0.4159499609069585,0.5840500390930414,0.058744628970877455,-0.0587446289708774,over,0.058744628970877455,"(0.0, 1.0]",6876
Ace Bailey,FanDuel,4.5,4.763645292904361,0.47469458987783597,0.525305410122164,0.5330897279740154,0.4669102720259846,-0.058395138096179466,0.05839513809617941,under,0.05839513809617941,"(0.0, 1.0]",6876
Moussa Diabate,FanDuel,7.5,8.474893421412995,0.47469458987783597,0.525305410122164,0.532258064516129,0.4677419354838709,-0.05756347463829303,0.057563474638293144,under,0.057563474638293144,"(0.0, 1.0]",6876
Maxime Raynaud,BetOnline.ag,9.5,8.825488595114452,0.40591668343731135,0.5940833165626886,0.46322988528598974,0.5367701147140101,-0.057313201848678386,0.0573132018486785,under,0.0573132018486785,"(-1.0, 0.0]",4969
Royce O'Neale,FanDuel,4.5,4.091155434328691,0.40591668343731135,0.5940833165626886,0.46281519310564956,0.5371848068943506,-0.056898509668338204,0.05689850966833809,under,0.05689850966833809,"(-1.0, 0.0]",4969
Tre Jones,Bovada,2.5,3.789174641949944,0.5967894239848914,0.40321057601510857,0.6529968454258674,0.34700315457413244,-0.05620742144097601,0.056207421440976124,under,0.056207421440976124,"(1.0, 3.0]",1059
Nique Clifford,Bovada,3.5,4.517447773406029,0.5967894239848914,0.40321057601510857,0.6529968454258674,0.34700315457413244,-0.05620742144097601,0.056207421440976124,under,0.056207421440976124,"(1.0, 3.0]",1059
Brice Sensabaugh,Bovada,2.5,4.023910613210546,0.5967894239848914,0.40321057601510857,0.6529968454258674,0.34700315457413244,-0.05620742144097601,0.056207421440976124,under,0.056207421440976124,"(1.0, 3.0]",1059
Jalen Green,Bovada,3.5,4.600934633989891,0.5967894239848914,0.40321057601510857,0.6529968454258674,0.34700315457413244,-0.05620742144097601,0.056207421440976124,under,0.056207421440976124,"(1.0, 3.0]",1059
VJ Edgecombe,FanDuel,5.5,5.415490402750963,0.40591668343731135,0.5940833165626886,0.46209273182957394,0.5379072681704261,-0.05617604839226259,0.056176048392262534,under,0.056176048392262534,"(-1.0, 0.0]",4969
Cedric Coward,BetOnline.ag,5.5,6.7837365811987045,0.5967894239848914,0.40321057601510857,0.5407914020517831,0.4592085979482169,0.05599802193310832,-0.05599802193310832,over,0.05599802193310832,"(1.0, 3.0]",1059
Cedric Coward,Bovada,5.5,6.7837365811987045,0.5967894239848914,0.40321057601510857,0.5407914020517831,0.4592085979482169,0.05599802193310832,-0.05599802193310832,over,0.05599802193310832,"(1.0, 3.0]",1059
Cody Williams,Bovada,3.5,4.614353790832372,0.5967894239848914,0.40321057601510857,0.5407914020517831,0.4592085979482169,0.05599802193310832,-0.05599802193310832,over,0.05599802193310832,"(1.0, 3.0]",1059
Devin Booker,Bovada,3.5,4.437043538274253,0.47469458987783597,0.525305410122164,0.5306122448979592,0.4693877551020409,-0.05591765502012325,0.055917655020123136,under,0.055917655020123136,"(0.0, 1.0]",6876
Jalen Duren,DraftKings,10.5,10.576250203431476,0.47469458987783597,0.525305410122164,0.5306122448979592,0.4693877551020409,-0.05591765502012325,0.055917655020123136,under,0.055917655020123136,"(0.0, 1.0]",6876
Cody Williams,DraftKings,3.5,4.614353790832372,0.5967894239848914,0.40321057601510857,0.5411245353159851,0.4588754646840148,0.05566488866890629,-0.05566488866890623,over,0.05566488866890629,"(1.0, 3.0]",1059
Devin Booker,FanDuel,3.5,4.437043538274253,0.47469458987783597,0.525305410122164,0.5289256198347108,0.4710743801652893,-0.05423102995687479,0.05423102995687473,under,0.05423102995687473,"(0.0, 1.0]",6876
Cedric Coward,DraftKings,5.5,6.7837365811987045,0.5967894239848914,0.40321057601510857,0.5430984833941255,0.45690151660587436,0.053690940590765956,-0.05369094059076579,over,0.053690940590765956,"(1.0, 3.0]",1059
Jalen Brunson,FanDuel,2.5,3.2627298719539066,0.47469458987783597,0.525305410122164,0.5281576830249397,0.4718423169750604,-0.053463093147103735,0.053463093147103624,under,0.053463093147103624,"(0.0, 1.0]",6876
Royce O'Neale,Bovada,4.5,4.091155434328691,0.40591668343731135,0.5940833165626886,0.4592085979482169,0.5407914020517831,-0.053291914510905536,0.053291914510905536,under,0.053291914510905536,"(-1.0, 0.0]",4969
Royce O'Neale,DraftKings,4.5,4.091155434328691,0.40591668343731135,0.5940833165626886,0.4588754646840148,0.5411245353159851,-0.052958781246703446,0.0529587812467035,under,0.0529587812467035,"(-1.0, 0.0]",4969
DeMar DeRozan,BetRivers,2.5,2.9167806511623797,0.47469458987783597,0.525305410122164,0.5274208712002507,0.4725791287997492,-0.05272628132241475,0.0527262813224148,under,0.0527262813224148,"(0.0, 1.0]",6876
Collin Gillespie,DraftKings,4.5,4.886705638460128,0.47469458987783597,0.525305410122164,0.42204327156301547,0.5779567284369846,0.052651318314820506,-0.052651318314820617,over,0.052651318314820506,"(0.0, 1.0]",6876
Jalen Johnson,Bovada,11.5,10.180561720763558,0.3388581952117864,0.6611418047882136,0.39094650205761317,0.6090534979423868,-0.05208830684582677,0.05208830684582677,under,0.05208830684582677,"(-3.0, -1.0]",543
DeMar DeRozan,Bovada,3.5,2.9167806511623797,0.40591668343731135,0.5940833165626886,0.35437430786268,0.6456256921373201,0.05154237557463137,-0.05154237557463148,over,0.05154237557463137,"(-1.0, 0.0]",4969
Dylan Cardwell,Bovada,7.5,6.81022160508504,0.40591668343731135,0.5940833165626886,0.35437430786268,0.6456256921373201,0.05154237557463137,-0.05154237557463148,over,0.05154237557463137,"(-1.0, 0.0]",4969
Royce O'Neale,BetRivers,4.5,4.091155434328691,0.40591668343731135,0.5940833165626886,0.45736374770361293,0.542636252296387,-0.05144706426630158,0.051447064266301634,under,0.051447064266301634,"(-1.0, 0.0]",4969
Olivier-Maxence Prosper,FanDuel,5.5,4.646937054252791,0.40591668343731135,0.5940833165626886,0.45722256664600125,0.5427774333539988,-0.051305883208689895,0.051305883208689895,under,0.051305883208689895,"(-1.0, 0.0]",4969
Devin Booker,BetOnline.ag,3.5,4.437043538274253,0.47469458987783597,0.525305410122164,0.5256105556466153,0.47438944435338465,-0.050915965768779325,0.05091596576877938,under,0.05091596576877938,"(0.0, 1.0]",6876
Precious Achiuwa,BetOnline.ag,8.5,8.363029721141203,0.40591668343731135,0.5940833165626886,0.4564539116366858,0.5435460883633142,-0.05053722819937445,0.05053722819937445,under,0.05053722819937445,"(-1.0, 0.0]",4969
Ace Bailey,BetMGM,4.5,4.763645292904361,0.47469458987783597,0.525305410122164,0.5246062992125985,0.4753937007874017,-0.04991170933476252,0.049911709334762355,under,0.049911709334762355,"(0.0, 1.0]",6876
Collin Gillespie,Bovada,4.5,4.886705638460128,0.47469458987783597,0.525305410122164,0.4248366013071895,0.5751633986928104,0.049857988570646494,-0.04985798857064638,over,0.049857988570646494,"(0.0, 1.0]",6876
C.J. McCollum,Bovada,2.5,3.554796282083305,0.5967894239848914,0.40321057601510857,0.6456256921373201,0.35437430786268,-0.0488362681524287,0.048836268152428586,under,0.048836268152428586,"(1.0, 3.0]",1059
Grayson Allen,DraftKings,2.5,3.197745925610455,0.47469458987783597,0.525305410122164,0.5232248162210195,0.4767751837789805,-0.04853022634318349,0.04853022634318355,under,0.04853022634318355,"(0.0, 1.0]",6876
Isaac Okoro,BetRivers,3.5,2.8640566014001982,0.40591668343731135,0.5940833165626886,0.4520257450053946,0.5479742549946055,-0.046109061568083254,0.04610906156808314,under,0.04610906156808314,"(-1.0, 0.0]",4969
Maxime Raynaud,BetMGM,9.5,8.825488595114452,0.40591668343731135,0.5940833165626886,0.45182111572153066,0.5481788842784694,-0.04590443228421931,0.045904432284219254,under,0.045904432284219254,"(-1.0, 0.0]",4969
Ace Bailey,Bovada,4.5,4.763645292904361,0.47469458987783597,0.525305410122164,0.5203045685279188,0.4796954314720812,-0.04560997865008287,0.045609978650082816,under,0.045609978650082816,"(0.0, 1.0]",6876
Brandon Miller,DraftKings,4.5,5.3855588746675656,0.47469458987783597,0.525305410122164,0.5203045685279188,0.4796954314720812,-0.04560997865008287,0.045609978650082816,under,0.045609978650082816,"(0.0, 1.0]",6876
Grayson Allen,Bovada,2.5,3.197745925610455,0.47469458987783597,0.525305410122164,0.5203045685279188,0.4796954314720812,-0.04560997865008287,0.045609978650082816,under,0.045609978650082816,"(0.0, 1.0]",6876
Devin Booker,BetMGM,3.5,4.437043538274253,0.47469458987783597,0.525305410122164,0.5203045685279188,0.4796954314720812,-0.04560997865008287,0.045609978650082816,under,0.045609978650082816,"(0.0, 1.0]",6876
Kyle Filipowski,Bovada,8.5,7.877165725821442,0.40591668343731135,0.5940833165626886,0.36041189931350115,0.6395881006864989,0.045504784123810205,-0.045504784123810205,over,0.045504784123810205,"(-1.0, 0.0]",4969
Jalen Duren,FanDuel,10.5,10.576250203431476,0.47469458987783597,0.525305410122164,0.5191532258064516,0.4808467741935484,-0.04445863592861565,0.04445863592861565,under,0.04445863592861565,"(0.0, 1.0]",6876
OG Anunoby,FanDuel,4.5,5.015255213467035,0.47469458987783597,0.525305410122164,0.5191532258064516,0.4808467741935484,-0.04445863592861565,0.04445863592861565,under,0.04445863592861565,"(0.0, 1.0]",6876
Cody Williams,BetRivers,3.5,4.614353790832372,0.5967894239848914,0.40321057601510857,0.5526372754166967,0.44736272458330323,0.044152148568194716,-0.04415214856819466,over,0.044152148568194716,"(1.0, 3.0]",1059
Grayson Allen,BetOnline.ag,2.5,3.197745925610455,0.47469458987783597,0.525305410122164,0.5185070943861814,0.48149290561381863,-0.043812504508345396,0.043812504508345396,under,0.043812504508345396,"(0.0, 1.0]",6876
OG Anunoby,DraftKings,4.5,5.015255213467035,0.47469458987783597,0.525305410122164,0.5182600227235838,0.48173997727641615,-0.043565432845747876,0.043565432845747876,under,0.043565432845747876,"(0.0, 1.0]",6876
Miles Bridges,DraftKings,5.5,5.180079300037858,0.40591668343731135,0.5940833165626886,0.449438202247191,0.550561797752809,-0.043521518809879645,0.043521518809879645,under,0.043521518809879645,"(-1.0, 0.0]",4969
Rudy Gobert,DraftKings,13.5,12.54812756419283,0.40591668343731135,0.5940833165626886,0.449438202247191,0.550561797752809,-0.043521518809879645,0.043521518809879645,under,0.043521518809879645,"(-1.0, 0.0]",4969
Josh Hart,FanDuel,6.5,8.120013939579968,0.5967894239848914,0.40321057601510857,0.5548317046688382,0.4451682953311618,0.04195771931605319,-0.041957719316053244,over,0.04195771931605319,"(1.0, 3.0]",1059
Ace Bailey,BetOnline.ag,4.5,4.763645292904361,0.47469458987783597,0.525305410122164,0.5164392569455861,0.483560743054414,-0.04174466706775015,0.04174466706775004,under,0.04174466706775004,"(0.0, 1.0]",6876
Mikal Bridges,FanDuel,3.5,3.6915059711658347,0.47469458987783597,0.525305410122164,0.4329742261011864,0.5670257738988136,0.04172036377664956,-0.04172036377664956,over,0.04172036377664956,"(0.0, 1.0]",6876
Shai Gilgeous-Alexander,FanDuel,4.5,5.113451375083502,0.47469458987783597,0.525305410122164,0.4329742261011864,0.5670257738988136,0.04172036377664956,-0.04172036377664956,over,0.04172036377664956,"(0.0, 1.0]",6876
Ace Bailey,DraftKings,4.5,4.763645292904361,0.47469458987783597,0.525305410122164,0.5162199424192044,0.4837800575807955,-0.041525352541368465,0.04152535254136852,under,0.04152535254136852,"(0.0, 1.0]",6876
Cody Williams,BetOnline.ag,3.5,4.614353790832372,0.5967894239848914,0.40321057601510857,0.5553135493238951,0.4446864506761049,0.04147587466099634,-0.04147587466099634,over,0.04147587466099634,"(1.0, 3.0]",1059
Olivier-Maxence Prosper,BetOnline.ag,5.5,4.646937054252791,0.40591668343731135,0.5940833165626886,0.44726670347874103,0.552733296521259,-0.04135002004142968,0.041350020041429625,under,0.041350020041429625,"(-1.0, 0.0]",4969
Devin Booker,Bovada,4.5,4.437043538274253,0.40591668343731135,0.5940833165626886,0.3666469544648137,0.6333530455351862,0.03926972897249764,-0.039269728972497586,over,0.03926972897249764,"(-1.0, 0.0]",4969
Collin Gillespie,BetMGM,3.5,4.886705638460128,0.5967894239848914,0.40321057601510857,0.5575221238938053,0.4424778761061947,0.039267300091086144,-0.039267300091086144,over,0.039267300091086144,"(1.0, 3.0]",1059
Jordan Goodwin,BetRivers,5.5,5.4829699420569895,0.40591668343731135,0.5940833165626886,0.4438081603435934,0.5561918396564066,-0.03789147690628203,0.03789147690628203,under,0.03789147690628203,"(-1.0, 0.0]",4969
Jordan Goodwin,BetOnline.ag,5.5,5.4829699420569895,0.40591668343731135,0.5940833165626886,0.44351918899348297,0.5564808110065169,-0.03760250555617162,0.03760250555617173,under,0.03760250555617173,"(-1.0, 0.0]",4969
Cody Williams,FanDuel,3.5,4.614353790832372,0.5967894239848914,0.40321057601510857,0.5594871427548169,0.44051285724518296,0.03730228123007451,-0.0373022812300744,over,0.03730228123007451,"(1.0, 3.0]",1059
Ajay Mitchell,DraftKings,2.5,3.751788270547695,0.5967894239848914,0.40321057601510857,0.5603580698130197,0.4396419301869802,0.03643135417187171,-0.036431354171871655,over,0.03643135417187171,"(1.0, 3.0]",1059
Maxime Raynaud,Bovada,10.5,8.825488595114452,0.3388581952117864,0.6611418047882136,0.375,0.625,-0.036141804788213605,0.036141804788213605,under,0.036141804788213605,"(-3.0, -1.0]",543
Jalen Williams,FanDuel,4.5,4.086613441582269,0.40591668343731135,0.5940833165626886,0.44146966676160637,0.5585303332383936,-0.03555298332429502,0.03555298332429502,under,0.03555298332429502,"(-1.0, 0.0]",4969
Luguentz Dort,FanDuel,2.5,3.4144137886378614,0.47469458987783597,0.525305410122164,0.5101214574898786,0.48987854251012153,-0.03542686761204261,0.0354268676120425,under,0.0354268676120425,"(0.0, 1.0]",6876
Tre Jones,BetMGM,3.5,3.789174641949944,0.47469458987783597,0.525305410122164,0.5101214574898786,0.48987854251012153,-0.03542686761204261,0.0354268676120425,under,0.0354268676120425,"(0.0, 1.0]",6876
Grant Williams,DraftKings,2.5,3.0687115297054817,0.47469458987783597,0.525305410122164,0.5101214574898786,0.48987854251012153,-0.03542686761204261,0.0354268676120425,under,0.0354268676120425,"(0.0, 1.0]",6876
Malik Monk,BetRivers,2.5,1.785091660374734,0.40591668343731135,0.5940833165626886,0.4411764705882353,0.5588235294117647,-0.03525978715092393,0.03525978715092393,under,0.03525978715092393,"(-1.0, 0.0]",4969
Jordan Goodwin,DraftKings,5.5,5.4829699420569895,0.40591668343731135,0.5940833165626886,0.4396419301869802,0.5603580698130197,-0.03372524674966887,0.033725246749668925,under,0.033725246749668925,"(-1.0, 0.0]",4969
Luguentz Dort,DraftKings,2.5,3.4144137886378614,0.47469458987783597,0.525305410122164,0.5080942166821806,0.4919057833178194,-0.033399626804344607,0.033399626804344607,under,0.033399626804344607,"(0.0, 1.0]",6876
Donte DiVincenzo,FanDuel,2.5,4.2824190134084175,0.5967894239848914,0.40321057601510857,0.563470066518847,0.43652993348115304,0.03331935746604442,-0.033319357466044475,over,0.03331935746604442,"(1.0, 3.0]",1059
Tyrese Maxey,FanDuel,2.5,3.6815747355716413,0.5967894239848914,0.40321057601510857,0.6287731256085686,0.3712268743914313,-0.03198370162367714,0.03198370162367725,under,0.03198370162367725,"(1.0, 3.0]",1059
Brandon Miller,FanDuel,4.5,5.3855588746675656,0.47469458987783597,0.525305410122164,0.5060689431946916,0.4939310568053083,-0.031374353316855674,0.03137435331685573,under,0.03137435331685573,"(0.0, 1.0]",6876
Ace Bailey,BetRivers,4.5,4.763645292904361,0.47469458987783597,0.525305410122164,0.5059101654846335,0.4940898345153664,-0.031215575606797552,0.031215575606797608,under,0.031215575606797608,"(0.0, 1.0]",6876
Dylan Cardwell,BetRivers,6.5,6.81022160508504,0.47469458987783597,0.525305410122164,0.5059101654846335,0.4940898345153664,-0.031215575606797552,0.031215575606797608,under,0.031215575606797608,"(0.0, 1.0]",6876
Collin Sexton,BetOnline.ag,2.5,2.8629924643838294,0.47469458987783597,0.525305410122164,0.44351918899348297,0.5564808110065169,0.031175400884353,-0.03117540088435289,over,0.031175400884353,"(0.0, 1.0]",6876
Ace Bailey,Bovada,5.5,4.763645292904361,0.40591668343731135,0.5940833165626886,0.375,0.625,0.030916683437311354,-0.030916683437311354,over,0.030916683437311354,"(-1.0, 0.0]",4969
Olivier-Maxence Prosper,Bovada,6.5,4.646937054252791,0.3388581952117864,0.6611418047882136,0.3079416531604538,0.6920583468395461,0.030916542051332596,-0.03091654205133254,over,0.030916542051332596,"(-3.0, -1.0]",543
Jordan Goodwin,Bovada,6.5,5.4829699420569895,0.3388581952117864,0.6611418047882136,0.3079416531604538,0.6920583468395461,0.030916542051332596,-0.03091654205133254,over,0.030916542051332596,"(-3.0, -1.0]",543
Jordan Goodwin,Bovada,5.5,5.4829699420569895,0.40591668343731135,0.5940833165626886,0.43668122270742354,0.5633187772925764,-0.03076453927011219,0.030764539270112246,under,0.030764539270112246,"(-1.0, 0.0]",4969
Olivier-Maxence Prosper,Bovada,5.5,4.646937054252791,0.40591668343731135,0.5940833165626886,0.43668122270742354,0.5633187772925764,-0.03076453927011219,0.030764539270112246,under,0.030764539270112246,"(-1.0, 0.0]",4969
Olivier-Maxence Prosper,DraftKings,5.5,4.646937054252791,0.40591668343731135,0.5940833165626886,0.4360288369669069,0.563971163033093,-0.030112153529595564,0.03011215352959562,under,0.03011215352959562,"(-1.0, 0.0]",4969
Dylan Cardwell,FanDuel,6.5,6.81022160508504,0.47469458987783597,0.525305410122164,0.5041554124246831,0.4958445875753168,-0.02946082254684712,0.029460822546847232,under,0.029460822546847232,"(0.0, 1.0]",6876
G.G. Jackson,Bovada,4.5,5.767193722740215,0.5967894239848914,0.40321057601510857,0.625,0.375,-0.02821057601510857,0.02821057601510857,under,0.02821057601510857,"(1.0, 3.0]",1059
Collin Gillespie,BetOnline.ag,3.5,4.886705638460128,0.5967894239848914,0.40321057601510857,0.5692871193108593,0.43071288068914054,0.02750230467403214,-0.027502304674031974,over,0.02750230467403214,"(1.0, 3.0]",1059
Isaac Okoro,FanDuel,3.5,2.8640566014001982,0.40591668343731135,0.5940833165626886,0.43327556325823224,0.5667244367417678,-0.02735887982092089,0.02735887982092089,under,0.02735887982092089,"(-1.0, 0.0]",4969
Malik Monk,Bovada,3.5,1.785091660374734,0.3388581952117864,0.6611418047882136,0.3125,0.6875,0.026358195211786395,-0.026358195211786395,over,0.026358195211786395,"(-3.0, -1.0]",543
Oso Ighodaro,Bovada,8.5,6.330264534756607,0.3388581952117864,0.6611418047882136,0.3125,0.6875,0.026358195211786395,-0.026358195211786395,over,0.026358195211786395,"(-3.0, -1.0]",543
Devin Carter,Bovada,5.5,2.9262903885477303,0.3388581952117864,0.6611418047882136,0.3125,0.6875,0.026358195211786395,-0.026358195211786395,over,0.026358195211786395,"(-3.0, -1.0]",543
Royce O'Neale,Bovada,5.5,4.091155434328691,0.3388581952117864,0.6611418047882136,0.3125,0.6875,0.026358195211786395,-0.026358195211786395,over,0.026358195211786395,"(-3.0, -1.0]",543
Jalen Brunson,DraftKings,2.5,3.2627298719539066,0.47469458987783597,0.525305410122164,0.5010179153094463,0.4989820846905538,-0.02632332543161031,0.026323325431610256,under,0.026323325431610256,"(0.0, 1.0]",6876
Chet Holmgren,FanDuel,8.5,8.694364402283757,0.47469458987783597,0.525305410122164,0.44892552251987045,0.5510744774801295,0.025769067357965525,-0.02576906735796547,over,0.025769067357965525,"(0.0, 1.0]",6876
Brice Sensabaugh,FanDuel,3.5,4.023910613210546,0.47469458987783597,0.525305410122164,0.5,0.5,-0.02530541012216403,0.02530541012216403,under,0.02530541012216403,"(0.0, 1.0]",6876
Grayson Allen,FanDuel,2.5,3.197745925610455,0.47469458987783597,0.525305410122164,0.5,0.5,-0.02530541012216403,0.02530541012216403,under,0.02530541012216403,"(0.0, 1.0]",6876
Jalen Green,BetMGM,4.5,4.600934633989891,0.47469458987783597,0.525305410122164,0.5,0.5,-0.02530541012216403,0.02530541012216403,under,0.02530541012216403,"(0.0, 1.0]",6876
Nique Clifford,FanDuel,4.5,4.517447773406029,0.47469458987783597,0.525305410122164,0.449438202247191,0.550561797752809,0.025256387630644972,-0.025256387630644972,over,0.025256387630644972,"(0.0, 1.0]",6876
Walter Clayton Jr.,BetOnline.ag,2.5,2.5983948326087964,0.47469458987783597,0.525305410122164,0.44988706154679015,0.55011293845321,0.024807528331045825,-0.024807528331045936,over,0.024807528331045825,"(0.0, 1.0]",6876
Cody Williams,BetMGM,3.5,4.614353790832372,0.5967894239848914,0.40321057601510857,0.5751633986928104,0.4248366013071895,0.02162602529208102,-0.021626025292080908,over,0.02162602529208102,"(1.0, 3.0]",1059
Precious Achiuwa,Bovada,9.5,8.363029721141203,0.3388581952117864,0.6611418047882136,0.36041189931350115,0.6395881006864989,-0.021553704101714755,0.021553704101714755,under,0.021553704101714755,"(-3.0, -1.0]",543
Precious Achiuwa,FanDuel,8.5,8.363029721141203,0.40591668343731135,0.5940833165626886,0.4262603208699738,0.5737396791300262,-0.02034363743266243,0.02034363743266243,under,0.02034363743266243,"(-1.0, 0.0]",4969
Jalen Green,BetRivers,4.5,4.600934633989891,0.47469458987783597,0.525305410122164,0.4940898345153664,0.5059101654846335,-0.01939524463753045,0.019395244637530507,under,0.019395244637530507,"(0.0, 1.0]",6876
Dylan Cardwell,Bovada,5.5,6.81022160508504,0.5967894239848914,0.40321057601510857,0.6161482461945731,0.3838517538054269,-0.01935882220968166,0.01935882220968166,under,0.01935882220968166,"(1.0, 3.0]",1059
Brice Sensabaugh,BetMGM,3.5,4.023910613210546,0.47469458987783597,0.525305410122164,0.4554079696394686,0.5445920303605313,0.019286620238367358,-0.019286620238367247,over,0.019286620238367358,"(0.0, 1.0]",6876
LaMelo Ball,FanDuel,4.5,4.623995446286303,0.47469458987783597,0.525305410122164,0.4939310568053083,0.5060689431946916,-0.01923646692747233,0.019236466927472384,under,0.019236466927472384,"(0.0, 1.0]",6876
Isaac Okoro,BetMGM,3.5,2.8640566014001982,0.40591668343731135,0.5940833165626886,0.4248366013071895,0.5751633986928104,-0.018919917869878122,0.018919917869878233,under,0.018919917869878233,"(-1.0, 0.0]",4969
Nique Clifford,BetMGM,4.5,4.517447773406029,0.47469458987783597,0.525305410122164,0.4928711096627016,0.5071288903372982,-0.01817651978486562,0.018176519784865786,under,0.018176519784865786,"(0.0, 1.0]",6876
Collin Gillespie,FanDuel,3.5,4.886705638460128,0.5967894239848914,0.40321057601510857,0.5795601552393274,0.4204398447606727,0.017229268745564075,-0.01722926874556413,over,0.017229268745564075,"(1.0, 3.0]",1059
Matas Buzelis,Bovada,8.5,5.879762935193751,0.3388581952117864,0.6611418047882136,0.32315978456014366,0.6768402154398564,0.015698410651642736,-0.01569841065164279,over,0.015698410651642736,"(-3.0, -1.0]",543
Nickeil Alexander-Walker,Bovada,4.5,3.3827875182071296,0.3388581952117864,0.6611418047882136,0.35437430786268,0.6456256921373201,-0.015516112650893588,0.015516112650893477,under,0.015516112650893477,"(-3.0, -1.0]",543
Shai Gilgeous-Alexander,DraftKings,3.5,5.113451375083502,0.5967894239848914,0.40321057601510857,0.5812901993249697,0.4187098006750303,0.015499224659921707,-0.015499224659921707,over,0.015499224659921707,"(1.0, 3.0]",1059
C.J. McCollum,Bovada,3.5,3.554796282083305,0.47469458987783597,0.525305410122164,0.4592085979482169,0.5407914020517831,0.01548599192961908,-0.01548599192961908,over,0.01548599192961908,"(0.0, 1.0]",6876
Jalen Green,DraftKings,4.5,4.600934633989891,0.47469458987783597,0.525305410122164,0.48987854251012153,0.5101214574898786,-0.015183952632285558,0.015183952632285447,under,0.015183952632285447,"(0.0, 1.0]",6876
Kyle Filipowski,BetMGM,7.5,7.877165725821442,0.47469458987783597,0.525305410122164,0.48987854251012153,0.5101214574898786,-0.015183952632285558,0.015183952632285447,under,0.015183952632285447,"(0.0, 1.0]",6876
Nique Clifford,Bovada,4.5,4.517447773406029,0.47469458987783597,0.525305410122164,0.48987854251012153,0.5101214574898786,-0.015183952632285558,0.015183952632285447,under,0.015183952632285447,"(0.0, 1.0]",6876
Jalen Green,Bovada,4.5,4.600934633989891,0.47469458987783597,0.525305410122164,0.48987854251012153,0.5101214574898786,-0.015183952632285558,0.015183952632285447,under,0.015183952632285447,"(0.0, 1.0]",6876
Moussa Diabate,DraftKings,7.5,8.474893421412995,0.47469458987783597,0.525305410122164,0.48987854251012153,0.5101214574898786,-0.015183952632285558,0.015183952632285447,under,0.015183952632285447,"(0.0, 1.0]",6876
Tre Jones,FanDuel,3.5,3.789174641949944,0.47469458987783597,0.525305410122164,0.4896023956080519,0.510397604391948,-0.01490780573021594,0.014907805730215995,under,0.014907805730215995,"(0.0, 1.0]",6876
Isaac Okoro,BetOnline.ag,3.5,2.8640566014001982,0.40591668343731135,0.5940833165626886,0.41985715204941765,0.5801428479505822,-0.013940468612106294,0.013940468612106405,under,0.013940468612106405,"(-1.0, 0.0]",4969
Ajay Mitchell,FanDuel,2.5,3.751788270547695,0.5967894239848914,0.40321057601510857,0.5829675153643546,0.4170324846356453,0.013821908620536782,-0.013821908620536727,over,0.013821908620536782,"(1.0, 3.0]",1059
Nique Clifford,DraftKings,4.5,4.517447773406029,0.47469458987783597,0.525305410122164,0.48784883956417835,0.5121511604358217,-0.013154249686342379,0.013154249686342379,under,0.013154249686342379,"(0.0, 1.0]",6876
Kyle Filipowski,BetOnline.ag,7.5,7.877165725821442,0.47469458987783597,0.525305410122164,0.4876847290640395,0.5123152709359606,-0.012990139186203509,0.012990139186203398,under,0.012990139186203398,"(0.0, 1.0]",6876
Kyle Filipowski,Bovada,6.5,7.877165725821442,0.5967894239848914,0.40321057601510857,0.6090534979423868,0.39094650205761317,-0.012264073957495403,0.012264073957495403,under,0.012264073957495403,"(1.0, 3.0]",1059
Jalen Green,FanDuel,4.5,4.600934633989891,0.47469458987783597,0.525305410122164,0.46281519310564956,0.5371848068943506,0.011879396772186412,-0.011879396772186523,over,0.011879396772186412,"(0.0, 1.0]",6876
C.J. McCollum,DraftKings,3.5,3.554796282083305,0.47469458987783597,0.525305410122164,0.46366014107949594,0.5363398589205041,0.011034448798340035,-0.011034448798340035,over,0.011034448798340035,"(0.0, 1.0]",6876
Kyle Filipowski,FanDuel,7.5,7.877165725821442,0.47469458987783597,0.525305410122164,0.48542880932556204,0.5145711906744379,-0.010734219447726068,0.010734219447726123,under,0.010734219447726123,"(0.0, 1.0]",6876
Nique Clifford,BetRivers,4.5,4.517447773406029,0.47469458987783597,0.525305410122164,0.4645669291338583,0.5354330708661418,0.010127660743977696,-0.010127660743977751,over,0.010127660743977696,"(0.0, 1.0]",6876
Brice Sensabaugh,BetRivers,3.5,4.023910613210546,0.47469458987783597,0.525305410122164,0.4645669291338583,0.5354330708661418,0.010127660743977696,-0.010127660743977751,over,0.010127660743977696,"(0.0, 1.0]",6876
G.G. Jackson,BetRivers,5.5,5.767193722740215,0.47469458987783597,0.525305410122164,0.4842053307008884,0.5157946692991116,-0.009510740823052422,0.009510740823052477,under,0.009510740823052477,"(0.0, 1.0]",6876
Dylan Cardwell,BetMGM,6.5,6.81022160508504,0.47469458987783597,0.525305410122164,0.4653465346534653,0.5346534653465347,0.009348055224370655,-0.009348055224370655,over,0.009348055224370655,"(0.0, 1.0]",6876
Dylan Cardwell,DraftKings,6.5,6.81022160508504,0.47469458987783597,0.525305410122164,0.4837800575807955,0.5162199424192044,-0.009085467702959538,0.009085467702959593,under,0.009085467702959593,"(0.0, 1.0]",6876
Dylan Cardwell,BetOnline.ag,6.5,6.81022160508504,0.47469458987783597,0.525305410122164,0.483560743054414,0.5164392569455861,-0.008866153176578018,0.008866153176577907,under,0.008866153176577907,"(0.0, 1.0]",6876
Jalen Green,BetOnline.ag,4.5,4.600934633989891,0.47469458987783597,0.525305410122164,0.483560743054414,0.5164392569455861,-0.008866153176578018,0.008866153176577907,under,0.008866153176577907,"(0.0, 1.0]",6876
G.G. Jackson,FanDuel,5.5,5.767193722740215,0.47469458987783597,0.525305410122164,0.4669102720259846,0.5330897279740154,0.007784317851851352,-0.007784317851851408,over,0.007784317851851352,"(0.0, 1.0]",6876
Kyle Filipowski,DraftKings,7.5,7.877165725821442,0.47469458987783597,0.525305410122164,0.48173997727641615,0.5182600227235838,-0.007045387398580183,0.007045387398580183,under,0.007045387398580183,"(0.0, 1.0]",6876
Tre Jones,BetOnline.ag,3.5,3.789174641949944,0.47469458987783597,0.525305410122164,0.48149290561381863,0.5185070943861814,-0.006798315735982663,0.006798315735982663,under,0.006798315735982663,"(0.0, 1.0]",6876
G.G. Jackson,BetOnline.ag,5.5,5.767193722740215,0.47469458987783597,0.525305410122164,0.48149290561381863,0.5185070943861814,-0.006798315735982663,0.006798315735982663,under,0.006798315735982663,"(0.0, 1.0]",6876
Isaac Okoro,DraftKings,3.5,2.8640566014001982,0.40591668343731135,0.5940833165626886,0.4127140569175804,0.5872859430824197,-0.006797373480269042,0.006797373480268987,under,0.006797373480268987,"(-1.0, 0.0]",4969
Kyle Filipowski,BetRivers,7.5,7.877165725821442,0.47469458987783597,0.525305410122164,0.4802285578710111,0.519771442128989,-0.005533967993175126,0.005533967993175071,under,0.005533967993175071,"(0.0, 1.0]",6876
Tre Jones,BetRivers,3.5,3.789174641949944,0.47469458987783597,0.525305410122164,0.4802285578710111,0.519771442128989,-0.005533967993175126,0.005533967993175071,under,0.005533967993175071,"(0.0, 1.0]",6876
Tre Jones,Bovada,3.5,3.789174641949944,0.47469458987783597,0.525305410122164,0.4693877551020409,0.5306122448979592,0.005306834775795077,-0.005306834775795188,over,0.005306834775795077,"(0.0, 1.0]",6876
Brice Sensabaugh,BetOnline.ag,3.5,4.023910613210546,0.47469458987783597,0.525305410122164,0.4693877551020409,0.5306122448979592,0.005306834775795077,-0.005306834775795188,over,0.005306834775795077,"(0.0, 1.0]",6876
C.J. McCollum,BetOnline.ag,3.5,3.554796282083305,0.47469458987783597,0.525305410122164,0.4693877551020409,0.5306122448979592,0.005306834775795077,-0.005306834775795188,over,0.005306834775795077,"(0.0, 1.0]",6876
Brice Sensabaugh,Bovada,3.5,4.023910613210546,0.47469458987783597,0.525305410122164,0.4693877551020409,0.5306122448979592,0.005306834775795077,-0.005306834775795188,over,0.005306834775795077,"(0.0, 1.0]",6876
Collin Gillespie,Bovada,3.5,4.886705638460128,0.5967894239848914,0.40321057601510857,0.5915279878971256,0.40847201210287437,0.005261436087765858,-0.005261436087765803,over,0.005261436087765858,"(1.0, 3.0]",1059
C.J. McCollum,BetMGM,3.5,3.554796282083305,0.47469458987783597,0.525305410122164,0.4796954314720812,0.5203045685279188,-0.005000841594245242,0.005000841594245187,under,0.005000841594245187,"(0.0, 1.0]",6876
Dylan Cardwell,Bovada,6.5,6.81022160508504,0.47469458987783597,0.525305410122164,0.4796954314720812,0.5203045685279188,-0.005000841594245242,0.005000841594245187,under,0.005000841594245187,"(0.0, 1.0]",6876
Kyle Filipowski,Bovada,7.5,7.877165725821442,0.47469458987783597,0.525305410122164,0.4796954314720812,0.5203045685279188,-0.005000841594245242,0.005000841594245187,under,0.005000841594245187,"(0.0, 1.0]",6876
G.G. Jackson,Bovada,5.5,5.767193722740215,0.47469458987783597,0.525305410122164,0.4796954314720812,0.5203045685279188,-0.005000841594245242,0.005000841594245187,under,0.005000841594245187,"(0.0, 1.0]",6876
C.J. McCollum,BetRivers,3.5,3.554796282083305,0.47469458987783597,0.525305410122164,0.4697879307656324,0.5302120692343677,0.00490665911220356,-0.004906659112203671,over,0.00490665911220356,"(0.0, 1.0]",6876
Jordan Goodwin,FanDuel,5.5,5.4829699420569895,0.40591668343731135,0.5940833165626886,0.4106205619018215,0.5893794380981784,-0.004703878464510147,0.004703878464510258,under,0.004703878464510258,"(-1.0, 0.0]",4969
Chet Holmgren,DraftKings,8.5,8.694364402283757,0.47469458987783597,0.525305410122164,0.4788135593220339,0.521186440677966,-0.0041189694441979285,0.004118969444197984,under,0.004118969444197984,"(0.0, 1.0]",6876
Tre Jones,DraftKings,3.5,3.789174641949944,0.47469458987783597,0.525305410122164,0.47062398703403574,0.5293760129659644,0.004070602843800231,-0.004070602843800342,over,0.004070602843800231,"(0.0, 1.0]",6876
Nique Clifford,BetOnline.ag,4.5,4.517447773406029,0.47469458987783597,0.525305410122164,0.4773429454170958,0.5226570545829042,-0.00264835553925985,0.0026483555392597946,under,0.0026483555392597946,"(0.0, 1.0]",6876
Isaac Okoro,Bovada,3.5,2.8640566014001982,0.40591668343731135,0.5940833165626886,0.40847201210287437,0.5915279878971256,-0.002555328665563017,0.0025553286655630725,under,0.0025553286655630725,"(-1.0, 0.0]",4969
Donte DiVincenzo,DraftKings,2.5,4.2824190134084175,0.5967894239848914,0.40321057601510857,0.599271402550091,0.4007285974499089,-0.002481978565199605,0.0024819785651996606,under,0.0024819785651996606,"(1.0, 3.0]",1059
C.J. McCollum,FanDuel,3.5,3.554796282083305,0.47469458987783597,0.525305410122164,0.47614107883817425,0.5238589211618258,-0.001446488960338277,0.001446488960338277,under,0.001446488960338277,"(0.0, 1.0]",6876
Brice Sensabaugh,DraftKings,3.5,4.023910613210546,0.47469458987783597,0.525305410122164,0.4735298908617039,0.5264701091382962,0.001164699016132087,-0.0011646990161321424,over,0.001164699016132087,"(0.0, 1.0]",6876
G.G. Jackson,DraftKings,5.5,5.767193722740215,0.47469458987783597,0.525305410122164,0.4755909035433872,0.5244090964566128,-0.0008963136655512072,0.0008963136655512072,under,0.0008963136655512072,"(0.0, 1.0]",6876
