player_name,bookmaker,line,predicted_minutes,predicted_points,p_over_model,p_under_model,p_over_market_novig,p_under_market_novig,edge_over,edge_under,best_side,best_edge
Bobby Portis,FanDuel,14.5,27.23869816194968,19.7080265188859,0.7682926829268293,0.23170731707317072,0.47591522157996147,0.5240847784200385,0.2923774613468678,-0.2923774613468678,over,0.2923774613468678
Peyton Watson,FanDuel,9.5,34.093065704736354,18.669690165503205,0.7682926829268293,0.23170731707317072,0.4939310568053083,0.5060689431946916,0.274361626121521,-0.27436162612152093,over,0.274361626121521
Jared McCain,DraftKings,7.5,21.285820337588394,11.36943916099773,0.6943573667711599,0.3056426332288401,0.47404053829539794,0.5259594617046021,0.22031682847576195,-0.22031682847576195,over,0.22031682847576195
Andrew Wiggins,FanDuel,12.5,29.812624114269546,15.830963506839149,0.6943573667711599,0.3056426332288401,0.4808467741935484,0.5191532258064516,0.2135105925776115,-0.2135105925776115,over,0.2135105925776115
Jared McCain,BetOnline.ag,7.5,21.285820337588394,11.36943916099773,0.6943573667711599,0.3056426332288401,0.48149290561381863,0.5185070943861814,0.21286446115734126,-0.21286446115734126,over,0.21286446115734126
Jalen Williams,FanDuel,13.5,26.46930439345585,17.18216176231447,0.6943573667711599,0.3056426332288401,0.48987854251012153,0.5101214574898786,0.20447882426103836,-0.20447882426103847,over,0.20447882426103836
Pascal Siakam,FanDuel,21.5,32.96433782914967,24.55614907078949,0.6943573667711599,0.3056426332288401,0.4939310568053083,0.5060689431946916,0.2004263099658516,-0.20042630996585153,over,0.2004263099658516
Rui Hachimura,FanDuel,8.5,24.320783401760888,11.836744257752652,0.6943573667711599,0.3056426332288401,0.4939310568053083,0.5060689431946916,0.2004263099658516,-0.20042630996585153,over,0.2004263099658516
Pascal Siakam,BetOnline.ag,21.5,32.96433782914967,24.55614907078949,0.6943573667711599,0.3056426332288401,0.4948402542722694,0.5051597457277305,0.19951711249889048,-0.19951711249889037,over,0.19951711249889048
Rui Hachimura,BetOnline.ag,8.5,24.320783401760888,11.836744257752652,0.6943573667711599,0.3056426332288401,0.5,0.5,0.1943573667711599,-0.1943573667711599,over,0.1943573667711599
Pascal Siakam,DraftKings,20.5,32.96433782914967,24.55614907078949,0.6943573667711599,0.3056426332288401,0.5041554124246831,0.4958445875753168,0.1902019543464768,-0.1902019543464767,over,0.1902019543464768
Jalen Duren,FanDuel,22.5,27.00426439966852,18.14604277184909,0.34051724137931033,0.6594827586206897,0.5240847784200385,0.47591522157996147,-0.1835675370407282,0.18356753704072826,under,0.18356753704072826
Rui Hachimura,DraftKings,8.5,24.320783401760888,11.836744257752652,0.6943573667711599,0.3056426332288401,0.5134353038445638,0.48656469615543607,0.18092206292659607,-0.18092206292659596,over,0.18092206292659607
Jalen Williams,DraftKings,12.5,26.46930439345585,17.18216176231447,0.6943573667711599,0.3056426332288401,0.5145711906744379,0.48542880932556204,0.17978617609672198,-0.17978617609672193,over,0.17978617609672198
Jalen Williams,BetOnline.ag,12.5,26.46930439345585,17.18216176231447,0.6943573667711599,0.3056426332288401,0.5164392569455861,0.483560743054414,0.17791810982557377,-0.17791810982557388,over,0.17791810982557377
Evan Mobley,FanDuel,17.5,31.427095448935095,20.53334918893468,0.6943573667711599,0.3056426332288401,0.5191532258064516,0.4808467741935484,0.17520414096470827,-0.17520414096470827,over,0.17520414096470827
VJ Edgecombe,DraftKings,21.5,33.17483129310846,17.013872641455517,0.34051724137931033,0.6594827586206897,0.5073240143969199,0.4926759856030803,-0.16680677301760954,0.16680677301760943,under,0.16680677301760943
Sam Hauser,FanDuel,6.5,23.241888748082033,9.668709139845951,0.6943573667711599,0.3056426332288401,0.5281576830249397,0.4718423169750604,0.16619968374622018,-0.1661996837462203,over,0.16619968374622018
Will Riley,FanDuel,16.5,31.19394557583209,15.041318629949108,0.36830601092896176,0.6316939890710382,0.532258064516129,0.4677419354838709,-0.16395205358716725,0.16395205358716736,under,0.16395205358716736
Daniel Gafford,FanDuel,9.5,23.609051208995645,12.57069322132764,0.6943573667711599,0.3056426332288401,0.532258064516129,0.4677419354838709,0.16209930225503089,-0.16209930225503077,over,0.16209930225503089
Jared McCain,FanDuel,6.5,21.285820337588394,11.36943916099773,0.6943573667711599,0.3056426332288401,0.532258064516129,0.4677419354838709,0.16209930225503089,-0.16209930225503077,over,0.16209930225503089
Cody Williams,FanDuel,17.5,27.568636057112098,12.998555432860398,0.34051724137931033,0.6594827586206897,0.5,0.5,-0.15948275862068967,0.15948275862068972,under,0.15948275862068972
Dylan Harper,FanDuel,15.5,23.52160370160643,12.096394872751043,0.34051724137931033,0.6594827586206897,0.5,0.5,-0.15948275862068967,0.15948275862068972,under,0.15948275862068972
Ayo Dosunmu,DraftKings,16.5,29.978167099974385,15.019638070978463,0.36830601092896176,0.6316939890710382,0.5259594617046021,0.47404053829539794,-0.1576534507756403,0.1576534507756403,under,0.1576534507756403
Jaime Jaquez Jr,FanDuel,10.5,28.402624969139787,15.279197264796462,0.6943573667711599,0.3056426332288401,0.5379072681704261,0.46209273182957394,0.15645009860073378,-0.15645009860073383,over,0.15645009860073378
Dylan Harper,BetOnline.ag,15.5,23.52160370160643,12.096394872751043,0.34051724137931033,0.6594827586206897,0.4969046636401156,0.5030953363598845,-0.15638742226080526,0.15638742226080526,under,0.15638742226080526
Tristan Vukcevic,FanDuel,12.5,18.78004740825886,9.545003367294976,0.36830601092896176,0.6316939890710382,0.5240847784200385,0.47591522157996147,-0.15577876749107678,0.15577876749107678,under,0.15577876749107678
Drake Powell,FanDuel,7.5,19.464148737836055,6.012438941758225,0.36830601092896176,0.6316939890710382,0.5191532258064516,0.4808467741935484,-0.15084721487748987,0.15084721487748987,under,0.15084721487748987
Bones Hyland,BetOnline.ag,14.5,20.9016954490543,11.062664026719846,0.34051724137931033,0.6594827586206897,0.48974190636412124,0.5102580936358787,-0.1492246649848109,0.14922466498481102,under,0.14922466498481102
Dylan Harper,DraftKings,15.5,23.52160370160643,12.096394872751043,0.34051724137931033,0.6594827586206897,0.4896023956080519,0.510397604391948,-0.14908515422874158,0.1490851542287417,under,0.1490851542287417
Kristaps Porzingis,DraftKings,17.5,22.479373181489592,16.01329406779781,0.36830601092896176,0.6316939890710382,0.5145711906744379,0.48542880932556204,-0.14626517974547615,0.1462651797454762,under,0.1462651797454762
Drake Powell,DraftKings,7.5,19.464148737836055,6.012438941758225,0.36830601092896176,0.6316939890710382,0.512482836100362,0.487517163899638,-0.1441768251714003,0.14417682517140024,under,0.14417682517140024
Ayo Dosunmu,BetOnline.ag,16.5,29.978167099974385,15.019638070978463,0.36830601092896176,0.6316939890710382,0.5123152709359606,0.4876847290640395,-0.14400926000699887,0.14400926000699876,under,0.14400926000699876
Jarace Walker,DraftKings,14.5,31.196113319090045,13.075693459065203,0.36830601092896176,0.6316939890710382,0.510397604391948,0.4896023956080519,-0.14209159346298628,0.14209159346298633,under,0.14209159346298633
VJ Edgecombe,FanDuel,21.5,33.17483129310846,17.013872641455517,0.34051724137931033,0.6594827586206897,0.4808467741935484,0.5191532258064516,-0.14032953281423804,0.1403295328142381,under,0.1403295328142381
Nick Richards,DraftKings,10.5,20.897582195216447,7.999444576985721,0.36830601092896176,0.6316939890710382,0.5062344139650873,0.4937655860349127,-0.13792840303612552,0.13792840303612552,under,0.13792840303612552
Josh Minott,FanDuel,13.5,21.50179781812636,11.381075678731412,0.36830601092896176,0.6316939890710382,0.5060689431946916,0.4939310568053083,-0.1377629322657299,0.13776293226572994,under,0.13776293226572994
Victor Wembanyama,BetOnline.ag,27.5,29.65397647011358,24.413255099916157,0.34051724137931033,0.6594827586206897,0.4773429454170958,0.5226570545829042,-0.1368257040377855,0.1368257040377855,under,0.1368257040377855
Donovan Mitchell,FanDuel,29.5,33.28803241591765,25.375165493441237,0.34051724137931033,0.6594827586206897,0.4735298908617039,0.5264701091382962,-0.13301264948239355,0.13301264948239355,under,0.13301264948239355
Donte DiVincenzo,BetOnline.ag,11.5,29.18633472853222,9.91200793039212,0.36830601092896176,0.6316939890710382,0.5,0.5,-0.13169398907103824,0.13169398907103824,under,0.13169398907103824
Rudy Gobert,DraftKings,12.5,32.168481990622496,11.04746223722028,0.36830601092896176,0.6316939890710382,0.5,0.5,-0.13169398907103824,0.13169398907103824,under,0.13169398907103824
Matas Buzelis,DraftKings,19.5,31.298406995426564,17.9225012305023,0.36830601092896176,0.6316939890710382,0.5,0.5,-0.13169398907103824,0.13169398907103824,under,0.13169398907103824
Victor Wembanyama,FanDuel,27.5,29.65397647011358,24.413255099916157,0.34051724137931033,0.6594827586206897,0.4718423169750604,0.5281576830249397,-0.13132507559575007,0.13132507559575002,under,0.13132507559575002
Donte DiVincenzo,DraftKings,11.5,29.18633472853222,9.91200793039212,0.36830601092896176,0.6316939890710382,0.4979225527671597,0.5020774472328402,-0.12961654183819793,0.12961654183819804,under,0.12961654183819804
Jalen Smith,DraftKings,12.5,23.388893266328857,11.13915636716929,0.36830601092896176,0.6316939890710382,0.4979225527671597,0.5020774472328402,-0.12961654183819793,0.12961654183819804,under,0.12961654183819804
Jaden McDaniels,BetOnline.ag,16.5,31.28405815863335,14.741025207315243,0.36830601092896176,0.6316939890710382,0.4969046636401156,0.5030953363598845,-0.12859865271115384,0.12859865271115378,under,0.12859865271115378
Jaden McDaniels,DraftKings,16.5,31.28405815863335,14.741025207315243,0.36830601092896176,0.6316939890710382,0.4958445875753168,0.5041554124246831,-0.12753857664635504,0.12753857664635515,under,0.12753857664635515
Nick Richards,FanDuel,10.5,20.897582195216447,7.999444576985721,0.36830601092896176,0.6316939890710382,0.4939310568053083,0.5060689431946916,-0.12562504587634654,0.1256250458763466,under,0.1256250458763466
Matas Buzelis,FanDuel,19.5,31.298406995426564,17.9225012305023,0.36830601092896176,0.6316939890710382,0.4939310568053083,0.5060689431946916,-0.12562504587634654,0.1256250458763466,under,0.1256250458763466
John Konchar,FanDuel,7.5,20.851448433870484,4.761539457617905,0.36830601092896176,0.6316939890710382,0.4939310568053083,0.5060689431946916,-0.12562504587634654,0.1256250458763466,under,0.1256250458763466
Aaron Gordon,FanDuel,16.5,27.84666981414212,15.073002956948148,0.36830601092896176,0.6316939890710382,0.4939310568053083,0.5060689431946916,-0.12562504587634654,0.1256250458763466,under,0.1256250458763466
Rudy Gobert,BetOnline.ag,12.5,32.168481990622496,11.04746223722028,0.36830601092896176,0.6316939890710382,0.49179655455291227,0.5082034454470877,-0.12349054362395051,0.12349054362395051,under,0.12349054362395051
Jalen Smith,FanDuel,12.5,23.388893266328857,11.13915636716929,0.36830601092896176,0.6316939890710382,0.48581617766250607,0.5141838223374939,-0.11751016673354431,0.11751016673354431,under,0.11751016673354431
De'Anthony Melton,DraftKings,15.5,25.641916097542854,14.329377292021872,0.36830601092896176,0.6316939890710382,0.48542880932556204,0.5145711906744379,-0.11712279839660028,0.11712279839660034,under,0.11712279839660034
Jarace Walker,BetOnline.ag,14.5,31.196113319090045,13.075693459065203,0.36830601092896176,0.6316939890710382,0.483560743054414,0.5164392569455861,-0.11525473212545223,0.11525473212545212,under,0.11525473212545212
Taurean Prince,DraftKings,7.5,19.429209037801023,5.849992156724572,0.36830601092896176,0.6316939890710382,0.4833368048323266,0.5166631951676735,-0.11503079390336485,0.11503079390336479,under,0.11503079390336479
Walter Clayton Jr.,DraftKings,9.5,22.94807428933108,8.92060055626244,0.41912293314162474,0.5808770668583753,0.5330897279740154,0.4669102720259846,-0.1139667948323907,0.11396679483239064,under,0.11396679483239064
De'Anthony Melton,FanDuel,14.5,25.641916097542854,14.329377292021872,0.41912293314162474,0.5808770668583753,0.532258064516129,0.4677419354838709,-0.11313513137450426,0.11313513137450437,under,0.11313513137450437
Walter Clayton Jr.,BetOnline.ag,9.5,22.94807428933108,8.92060055626244,0.41912293314162474,0.5808770668583753,0.5318542641970282,0.4681457358029717,-0.11273133105540345,0.11273133105540356,under,0.11273133105540356
Reed Sheppard,FanDuel,15.5,29.84621080829638,14.342707148126488,0.36830601092896176,0.6316939890710382,0.4808467741935484,0.5191532258064516,-0.11254076326458662,0.11254076326458662,under,0.11254076326458662
Kristaps Porzingis,FanDuel,17.5,22.479373181489592,16.01329406779781,0.36830601092896176,0.6316939890710382,0.4808467741935484,0.5191532258064516,-0.11254076326458662,0.11254076326458662,under,0.11254076326458662
Taurean Prince,FanDuel,6.5,19.429209037801023,5.849992156724572,0.41912293314162474,0.5808770668583753,0.5281576830249397,0.4718423169750604,-0.10903474988331496,0.10903474988331485,under,0.10903474988331485
Jonathan Kuminga,FanDuel,11.5,20.848099607808578,11.12924543415092,0.41912293314162474,0.5808770668583753,0.5281576830249397,0.4718423169750604,-0.10903474988331496,0.10903474988331485,under,0.10903474988331485
Julius Randle,DraftKings,21.5,33.47493592807581,20.10202389112358,0.36830601092896176,0.6316939890710382,0.47614107883817425,0.5238589211618258,-0.10783506790921249,0.10783506790921249,under,0.10783506790921249
Josh Giddey,DraftKings,18.5,32.74337983302133,17.009164954514407,0.36830601092896176,0.6316939890710382,0.47614107883817425,0.5238589211618258,-0.10783506790921249,0.10783506790921249,under,0.10783506790921249
Jalen Wilson,FanDuel,10.5,19.654111835309152,7.860196135150447,0.36830601092896176,0.6316939890710382,0.47591522157996147,0.5240847784200385,-0.10760921065099971,0.10760921065099971,under,0.10760921065099971
Jonathan Kuminga,DraftKings,11.5,20.848099607808578,11.12924543415092,0.41912293314162474,0.5808770668583753,0.5259594617046021,0.47404053829539794,-0.10683652856297732,0.10683652856297732,under,0.10683652856297732
G.G. Jackson,DraftKings,15.5,25.196653126832132,15.49853587709178,0.41912293314162474,0.5808770668583753,0.5259594617046021,0.47404053829539794,-0.10683652856297732,0.10683652856297732,under,0.10683652856297732
G.G. Jackson,BetOnline.ag,16.5,25.196653126832132,15.49853587709178,0.36830601092896176,0.6316939890710382,0.47438944435338465,0.5256105556466153,-0.10608343342442289,0.10608343342442295,under,0.10608343342442295
Paul George,DraftKings,15.5,25.440376458513636,13.12065155123341,0.36830601092896176,0.6316939890710382,0.47404053829539794,0.5259594617046021,-0.10573452736643618,0.10573452736643618,under,0.10573452736643618
Robert Williams,FanDuel,6.5,17.32166230869593,6.2695023840869215,0.41912293314162474,0.5808770668583753,0.5240847784200385,0.47591522157996147,-0.10496184527841379,0.10496184527841379,under,0.10496184527841379
Deni Avdija,FanDuel,24.5,32.28053800669997,23.643603502409615,0.41912293314162474,0.5808770668583753,0.5240847784200385,0.47591522157996147,-0.10496184527841379,0.10496184527841379,under,0.10496184527841379
Ousmane Dieng,FanDuel,11.5,29.15613763944882,9.550147072576294,0.36830601092896176,0.6316939890710382,0.4718423169750604,0.5281576830249397,-0.10353630604609865,0.10353630604609854,under,0.10353630604609854
G.G. Jackson,FanDuel,16.5,25.196653126832132,15.49853587709178,0.36830601092896176,0.6316939890710382,0.4718423169750604,0.5281576830249397,-0.10353630604609865,0.10353630604609854,under,0.10353630604609854
Josh Giddey,FanDuel,18.5,32.74337983302133,17.009164954514407,0.36830601092896176,0.6316939890710382,0.4718423169750604,0.5281576830249397,-0.10353630604609865,0.10353630604609854,under,0.10353630604609854
Ousmane Dieng,DraftKings,11.5,29.15613763944882,9.550147072576294,0.36830601092896176,0.6316939890710382,0.4710743801652893,0.5289256198347108,-0.10276836923632754,0.10276836923632748,under,0.10276836923632748
Jayson Tatum,DraftKings,19.5,30.822896166338236,19.219538810085805,0.41912293314162474,0.5808770668583753,0.5217643644805572,0.47823563551944287,-0.10264143133893244,0.10264143133893239,under,0.10264143133893239
Stephon Castle,BetOnline.ag,18.5,29.782632022251242,16.694475481116278,0.36830601092896176,0.6316939890710382,0.4693877551020409,0.5306122448979592,-0.10108174417307914,0.10108174417307902,under,0.10108174417307902
Tobias Harris,FanDuel,13.5,27.16052485098051,12.816373271007551,0.41912293314162474,0.5808770668583753,0.5191532258064516,0.4808467741935484,-0.10003029266482688,0.10003029266482688,under,0.10003029266482688
Paul George,FanDuel,15.5,25.440376458513636,13.12065155123341,0.36830601092896176,0.6316939890710382,0.4677419354838709,0.532258064516129,-0.09943592455490913,0.09943592455490924,under,0.09943592455490924
Max Strus,FanDuel,9.5,19.945353610336024,6.8347128253151075,0.36830601092896176,0.6316939890710382,0.4677419354838709,0.532258064516129,-0.09943592455490913,0.09943592455490924,under,0.09943592455490924
Stephon Castle,FanDuel,18.5,29.782632022251242,16.694475481116278,0.36830601092896176,0.6316939890710382,0.46209273182957394,0.5379072681704261,-0.09378672090061219,0.09378672090061213,under,0.09378672090061213
Jarace Walker,FanDuel,14.5,31.196113319090045,13.075693459065203,0.36830601092896176,0.6316939890710382,0.46209273182957394,0.5379072681704261,-0.09378672090061219,0.09378672090061213,under,0.09378672090061213
Walter Clayton Jr.,FanDuel,10.5,22.94807428933108,8.92060055626244,0.36830601092896176,0.6316939890710382,0.46209273182957394,0.5379072681704261,-0.09378672090061219,0.09378672090061213,under,0.09378672090061213
Tobias Harris,DraftKings,13.5,27.16052485098051,12.816373271007551,0.41912293314162474,0.5808770668583753,0.512482836100362,0.487517163899638,-0.0933599029587373,0.09335990295873725,under,0.09335990295873725
Myles Turner,DraftKings,10.5,24.17211261086632,9.869985434688184,0.41912293314162474,0.5808770668583753,0.510397604391948,0.4896023956080519,-0.09127467125032329,0.09127467125032335,under,0.09127467125032335
Duncan Robinson,DraftKings,11.5,27.012699170220568,10.72420470808187,0.41912293314162474,0.5808770668583753,0.5083149711054754,0.4916850288945246,-0.08919203796385067,0.08919203796385067,under,0.08919203796385067
Jayson Tatum,BetOnline.ag,19.5,30.822896166338236,19.219538810085805,0.41912293314162474,0.5808770668583753,0.5082034454470877,0.49179655455291227,-0.08908051230546299,0.08908051230546299,under,0.08908051230546299
Myles Turner,FanDuel,10.5,24.17211261086632,9.869985434688184,0.41912293314162474,0.5808770668583753,0.5060689431946916,0.4939310568053083,-0.0869460100530669,0.08694601005306696,under,0.08694601005306696
Kyle Kuzma,DraftKings,12.5,24.80817008432324,11.608623243328912,0.41912293314162474,0.5808770668583753,0.5010457625700661,0.4989542374299339,-0.08192282942844131,0.08192282942844137,under,0.08192282942844137
Jayson Tatum,FanDuel,19.5,30.822896166338236,19.219538810085805,0.41912293314162474,0.5808770668583753,0.5,0.5,-0.08087706685837526,0.08087706685837526,under,0.08087706685837526
Max Christie,FanDuel,11.5,27.630536290503183,11.411988502000835,0.41912293314162474,0.5808770668583753,0.5,0.5,-0.08087706685837526,0.08087706685837526,under,0.08087706685837526
Julius Randle,BetOnline.ag,20.5,33.47493592807581,20.10202389112358,0.41912293314162474,0.5808770668583753,0.4969046636401156,0.5030953363598845,-0.07778173049849085,0.0777817304984908,under,0.0777817304984908
Reed Sheppard,BetOnline.ag,14.5,29.84621080829638,14.342707148126488,0.41912293314162474,0.5808770668583753,0.4969046636401156,0.5030953363598845,-0.07778173049849085,0.0777817304984908,under,0.0777817304984908
Brandin Podziemski,DraftKings,15.5,31.350179836531744,14.719285537976928,0.41912293314162474,0.5808770668583753,0.4968624497991968,0.5031375502008032,-0.07773951665757206,0.07773951665757206,under,0.07773951665757206
Jerami Grant,DraftKings,17.5,29.379703166680564,17.33304061603483,0.41912293314162474,0.5808770668583753,0.4947698744769875,0.5052301255230125,-0.07564694133536276,0.07564694133536276,under,0.07564694133536276
Devin Vassell,FanDuel,13.5,30.740904644384134,14.045910669262545,0.46279761904761907,0.5372023809523809,0.5379072681704261,0.46209273182957394,-0.07510964912280704,0.07510964912280699,under,0.07510964912280699
Cason Wallace,BetOnline.ag,6.5,24.807514234386616,8.053297587275024,0.5315172632245803,0.46848273677541974,0.4564539116366858,0.5435460883633142,0.07506335158789446,-0.07506335158789446,over,0.07506335158789446
Kyle Kuzma,FanDuel,12.5,24.80817008432324,11.608623243328912,0.41912293314162474,0.5808770668583753,0.4939310568053083,0.5060689431946916,-0.07480812366368356,0.07480812366368361,under,0.07480812366368361
Ziaire Williams,DraftKings,11.5,24.32535435647182,10.550785570525518,0.41912293314162474,0.5808770668583753,0.4937655860349127,0.5062344139650873,-0.07464265289328798,0.07464265289328798,under,0.07464265289328798
Carlton Carrington,FanDuel,13.5,31.800182506461965,13.888400728043475,0.46279761904761907,0.5372023809523809,0.532258064516129,0.4677419354838709,-0.06946044546850993,0.06946044546851005,under,0.06946044546851005
Keldon Johnson,FanDuel,13.5,22.258063389275797,14.122029286528225,0.46279761904761907,0.5372023809523809,0.532258064516129,0.4677419354838709,-0.06946044546850993,0.06946044546851005,under,0.06946044546851005
Bilal Coulibaly,FanDuel,14.5,29.835902277180352,14.937256327509113,0.46279761904761907,0.5372023809523809,0.532258064516129,0.4677419354838709,-0.06946044546850993,0.06946044546851005,under,0.06946044546851005
Amen Thompson,FanDuel,18.5,36.78521744704525,19.57945266234856,0.5315172632245803,0.46848273677541974,0.46209273182957394,0.5379072681704261,0.06942453139500632,-0.06942453139500637,over,0.06942453139500632
Cason Wallace,FanDuel,6.5,24.807514234386616,8.053297587275024,0.5315172632245803,0.46848273677541974,0.46209273182957394,0.5379072681704261,0.06942453139500632,-0.06942453139500637,over,0.06942453139500632
Andrew Nembhard,FanDuel,15.5,28.07601678882211,17.19658121604985,0.5315172632245803,0.46848273677541974,0.46209273182957394,0.5379072681704261,0.06942453139500632,-0.06942453139500637,over,0.06942453139500632
Jabari Smith Jr,FanDuel,14.5,34.70694104279179,16.812025559062477,0.5315172632245803,0.46848273677541974,0.46209273182957394,0.5379072681704261,0.06942453139500632,-0.06942453139500637,over,0.06942453139500632
Dean Wade,FanDuel,5.5,22.62058053097169,6.541262368837724,0.5315172632245803,0.46848273677541974,0.46209273182957394,0.5379072681704261,0.06942453139500632,-0.06942453139500637,over,0.06942453139500632
Jaxson Hayes,FanDuel,6.5,16.72111601212263,6.989749814679018,0.46279761904761907,0.5372023809523809,0.5281576830249397,0.4718423169750604,-0.06536006397732064,0.06536006397732053,under,0.06536006397732053
Olivier-Maxence Prosper,FanDuel,11.5,25.2896177299443,12.06949294583703,0.46279761904761907,0.5372023809523809,0.5281576830249397,0.4718423169750604,-0.06536006397732064,0.06536006397732053,under,0.06536006397732053
Deni Avdija,DraftKings,24.5,32.28053800669997,23.643603502409615,0.41912293314162474,0.5808770668583753,0.4833368048323266,0.5166631951676735,-0.06421387169070186,0.06421387169070181,under,0.06421387169070181
Nikola Jokic,FanDuel,28.5,35.41427009324085,30.100727633689054,0.5315172632245803,0.46848273677541974,0.4677419354838709,0.532258064516129,0.06377532774070938,-0.06377532774070926,over,0.06377532774070938
Luguentz Dort,FanDuel,6.5,25.146001457631883,8.477464143579125,0.5315172632245803,0.46848273677541974,0.4677419354838709,0.532258064516129,0.06377532774070938,-0.06377532774070926,over,0.06377532774070938
Dyson Daniels,FanDuel,11.5,33.281127500102784,14.402844599704377,0.5315172632245803,0.46848273677541974,0.4677419354838709,0.532258064516129,0.06377532774070938,-0.06377532774070926,over,0.06377532774070938
Keon Ellis,FanDuel,6.5,24.163855255247377,8.55882952824229,0.5315172632245803,0.46848273677541974,0.4677419354838709,0.532258064516129,0.06377532774070938,-0.06377532774070926,over,0.06377532774070938
Paul Reed Jr,DraftKings,8.5,16.095314989574227,8.515638516792464,0.46279761904761907,0.5372023809523809,0.5259594617046021,0.47404053829539794,-0.06316184265698299,0.06316184265698299,under,0.06316184265698299
Keldon Johnson,BetOnline.ag,13.5,22.258063389275797,14.122029286528225,0.46279761904761907,0.5372023809523809,0.5256105556466153,0.47438944435338465,-0.06281293659899623,0.06281293659899628,under,0.06281293659899628
Jerami Grant,FanDuel,17.5,29.379703166680564,17.33304061603483,0.41912293314162474,0.5808770668583753,0.4808467741935484,0.5191532258064516,-0.061723841051923634,0.061723841051923634,under,0.061723841051923634
Ziaire Williams,FanDuel,10.5,24.32535435647182,10.550785570525518,0.46279761904761907,0.5372023809523809,0.5240847784200385,0.47591522157996147,-0.061287159372419464,0.061287159372419464,under,0.061287159372419464
Paul Reed Jr,FanDuel,8.5,16.095314989574227,8.515638516792464,0.46279761904761907,0.5372023809523809,0.5240847784200385,0.47591522157996147,-0.061287159372419464,0.061287159372419464,under,0.061287159372419464
C.J. McCollum,FanDuel,17.5,29.898174799032233,19.05659629225317,0.5315172632245803,0.46848273677541974,0.4718423169750604,0.5281576830249397,0.059674946249519856,-0.05967494624951997,over,0.059674946249519856
Christian Braun,FanDuel,11.5,32.635797739099495,13.515826504504389,0.5315172632245803,0.46848273677541974,0.4718423169750604,0.5281576830249397,0.059674946249519856,-0.05967494624951997,over,0.059674946249519856
Jabari Smith Jr,BetOnline.ag,14.5,34.70694104279179,16.812025559062477,0.5315172632245803,0.46848273677541974,0.4723111001722865,0.5276888998277135,0.05920616305229376,-0.05920616305229376,over,0.05920616305229376
Luguentz Dort,BetOnline.ag,6.5,25.146001457631883,8.477464143579125,0.5315172632245803,0.46848273677541974,0.4723111001722865,0.5276888998277135,0.05920616305229376,-0.05920616305229376,over,0.05920616305229376
Reed Sheppard,DraftKings,13.5,29.84621080829638,14.342707148126488,0.46279761904761907,0.5372023809523809,0.5217643644805572,0.47823563551944287,-0.05896674543293812,0.05896674543293806,under,0.05896674543293806
Kevin Durant,DraftKings,26.5,36.27891061498446,26.148998645361736,0.41912293314162474,0.5808770668583753,0.4770335727409387,0.5229664272590613,-0.05791063959931397,0.05791063959931397,under,0.05791063959931397
Daniss Jenkins,DraftKings,16.5,27.939289060585352,11.039567149588915,0.4444444444444444,0.5555555555555556,0.5020774472328402,0.4979225527671597,-0.05763300278839578,0.05763300278839589,under,0.05763300278839589
Keldon Johnson,DraftKings,14.5,22.258063389275797,14.122029286528225,0.41912293314162474,0.5808770668583753,0.47614107883817425,0.5238589211618258,-0.057018145696549505,0.057018145696549505,under,0.057018145696549505
Devin Vassell,BetOnline.ag,13.5,30.740904644384134,14.045910669262545,0.46279761904761907,0.5372023809523809,0.519675254742772,0.480324745257228,-0.05687763569515292,0.05687763569515292,under,0.05687763569515292
Olivier-Maxence Prosper,BetOnline.ag,11.5,25.2896177299443,12.06949294583703,0.46279761904761907,0.5372023809523809,0.519675254742772,0.480324745257228,-0.05687763569515292,0.05687763569515292,under,0.05687763569515292
Duncan Robinson,FanDuel,11.5,27.012699170220568,10.72420470808187,0.41912293314162474,0.5808770668583753,0.47591522157996147,0.5240847784200385,-0.056792288438336724,0.056792288438336724,under,0.056792288438336724
Austin Reaves,FanDuel,23.5,35.8195883177272,24.429594994615766,0.46279761904761907,0.5372023809523809,0.5191532258064516,0.4808467741935484,-0.056355606758832555,0.056355606758832555,under,0.056355606758832555
Bruce Brown,FanDuel,6.5,20.689632797443394,6.921300785641426,0.46279761904761907,0.5372023809523809,0.5191532258064516,0.4808467741935484,-0.056355606758832555,0.056355606758832555,under,0.056355606758832555
Toumani Camara,FanDuel,12.5,31.51242002159252,13.442479015223862,0.46279761904761907,0.5372023809523809,0.5191532258064516,0.4808467741935484,-0.056355606758832555,0.056355606758832555,under,0.056355606758832555
C.J. McCollum,DraftKings,17.5,29.898174799032233,19.05659629225317,0.5315172632245803,0.46848273677541974,0.47614107883817425,0.5238589211618258,0.05537618438640601,-0.05537618438640601,over,0.05537618438640601
Luguentz Dort,DraftKings,6.5,25.146001457631883,8.477464143579125,0.5315172632245803,0.46848273677541974,0.47614107883817425,0.5238589211618258,0.05537618438640601,-0.05537618438640601,over,0.05537618438640601
Nickeil Alexander-Walker,DraftKings,18.5,32.844915189244624,18.656010250046506,0.46279761904761907,0.5372023809523809,0.517591059602649,0.48240894039735094,-0.05479344055502988,0.05479344055502999,under,0.05479344055502999
Amen Thompson,BetOnline.ag,18.5,36.78521744704525,19.57945266234856,0.5315172632245803,0.46848273677541974,0.4773429454170958,0.5226570545829042,0.05417431780748444,-0.054174317807484496,over,0.05417431780748444
Jaxson Hayes,BetOnline.ag,6.5,16.72111601212263,6.989749814679018,0.46279761904761907,0.5372023809523809,0.5164392569455861,0.483560743054414,-0.053641637897967054,0.05364163789796694,under,0.05364163789796694
Collin Sexton,DraftKings,14.5,22.347141021627806,14.427792112612588,0.41912293314162474,0.5808770668583753,0.47193347193347185,0.528066528066528,-0.052810538791847106,0.05281053879184727,under,0.05281053879184727
Ryan Rollins,DraftKings,18.5,32.89720283137303,19.25896639668108,0.46279761904761907,0.5372023809523809,0.5155112508272668,0.48448874917273327,-0.05271363177964772,0.05271363177964766,under,0.05271363177964766
Devin Vassell,DraftKings,13.5,30.740904644384134,14.045910669262545,0.46279761904761907,0.5372023809523809,0.5155112508272668,0.48448874917273327,-0.05271363177964772,0.05271363177964766,under,0.05271363177964766
Joel Embiid,DraftKings,22.5,27.712241194516277,24.35472936705092,0.5315172632245803,0.46848273677541974,0.480324745257228,0.519675254742772,0.05119251796735225,-0.05119251796735225,over,0.05119251796735225
Dominick Barlow,FanDuel,7.5,23.63537259511066,10.273710637856292,0.5315172632245803,0.46848273677541974,0.4808467741935484,0.5191532258064516,0.050670489031031885,-0.050670489031031885,over,0.050670489031031885
Pelle Larsson,FanDuel,10.5,30.111533836557193,13.121777455297392,0.5315172632245803,0.46848273677541974,0.4808467741935484,0.5191532258064516,0.050670489031031885,-0.050670489031031885,over,0.050670489031031885
Kevin Durant,BetOnline.ag,26.5,36.27891061498446,26.148998645361736,0.41912293314162474,0.5808770668583753,0.4693877551020409,0.5306122448979592,-0.05026482196041615,0.05026482196041604,under,0.05026482196041604
Ausar Thompson,DraftKings,9.5,24.399891903095103,9.5222095431349,0.46279761904761907,0.5372023809523809,0.512482836100362,0.487517163899638,-0.04968521705274298,0.049685217052742925,under,0.049685217052742925
Jaylen Brown,DraftKings,25.5,34.49851657442528,25.792519778764674,0.46279761904761907,0.5372023809523809,0.512482836100362,0.487517163899638,-0.04968521705274298,0.049685217052742925,under,0.049685217052742925
Daniss Jenkins,FanDuel,16.5,27.939289060585352,11.039567149588915,0.4444444444444444,0.5555555555555556,0.4939310568053083,0.5060689431946916,-0.04948661236086388,0.049486612360863935,under,0.049486612360863935
T.J. McConnell,FanDuel,8.5,17.529644572471,8.2981981747462,0.41912293314162474,0.5808770668583753,0.4677419354838709,0.532258064516129,-0.04861900234224614,0.048619002342246254,under,0.048619002342246254
Brandin Podziemski,FanDuel,15.5,31.350179836531744,14.719285537976928,0.41912293314162474,0.5808770668583753,0.4677419354838709,0.532258064516129,-0.04861900234224614,0.048619002342246254,under,0.048619002342246254
Klay Thompson,FanDuel,12.5,21.90557468207041,11.65960613012971,0.41912293314162474,0.5808770668583753,0.4677419354838709,0.532258064516129,-0.04861900234224614,0.048619002342246254,under,0.048619002342246254
Olivier-Maxence Prosper,DraftKings,11.5,25.2896177299443,12.06949294583703,0.46279761904761907,0.5372023809523809,0.511362697297744,0.48863730270225597,-0.048565078250124905,0.04856507825012496,under,0.04856507825012496
Dyson Daniels,DraftKings,11.5,33.281127500102784,14.402844599704377,0.5315172632245803,0.46848273677541974,0.4833368048323266,0.5166631951676735,0.048180458392253656,-0.04818045839225371,over,0.048180458392253656
Payton Pritchard,DraftKings,14.5,32.3746425666721,15.918712817589626,0.5315172632245803,0.46848273677541974,0.4833368048323266,0.5166631951676735,0.048180458392253656,-0.04818045839225371,over,0.048180458392253656
Deandre Ayton,DraftKings,11.5,28.207097377161755,12.830746554269332,0.5315172632245803,0.46848273677541974,0.4833368048323266,0.5166631951676735,0.048180458392253656,-0.04818045839225371,over,0.048180458392253656
Shai Gilgeous-Alexander,DraftKings,29.5,35.0665089866412,30.196928011744326,0.46279761904761907,0.5372023809523809,0.510397604391948,0.4896023956080519,-0.047599985344328966,0.04759998534432902,under,0.04759998534432902
P.J. Washington,FanDuel,14.5,31.12900214348596,14.918439787143218,0.46279761904761907,0.5372023809523809,0.5101214574898786,0.48987854251012153,-0.047323838442259514,0.0473238384422594,under,0.0473238384422594
Jabari Smith Jr,DraftKings,14.5,34.70694104279179,16.812025559062477,0.5315172632245803,0.46848273677541974,0.48448874917273327,0.5155112508272668,0.04702851405184699,-0.04702851405184705,over,0.04702851405184699
Jrue Holiday,DraftKings,15.5,29.35460099048884,16.606404368215447,0.5315172632245803,0.46848273677541974,0.48656469615543607,0.5134353038445638,0.04495256706914419,-0.04495256706914408,over,0.04495256706914419
T.J. McConnell,BetOnline.ag,8.5,17.529644572471,8.2981981747462,0.41912293314162474,0.5808770668583753,0.46322988528598974,0.5367701147140101,-0.044106952144365,0.04410695214436511,under,0.04410695214436511
Chet Holmgren,FanDuel,14.5,29.623539721282864,15.420415404428432,0.46279761904761907,0.5372023809523809,0.5060689431946916,0.4939310568053083,-0.043271324147072576,0.04327132414707263,under,0.04327132414707263
Cooper Flagg,FanDuel,21.5,32.96958051341174,21.547208753143085,0.46279761904761907,0.5372023809523809,0.5060689431946916,0.4939310568053083,-0.043271324147072576,0.04327132414707263,under,0.04327132414707263
Nickeil Alexander-Walker,FanDuel,18.5,32.844915189244624,18.656010250046506,0.46279761904761907,0.5372023809523809,0.5060689431946916,0.4939310568053083,-0.043271324147072576,0.04327132414707263,under,0.04327132414707263
Luka Doncic,BetOnline.ag,34.5,35.649049556932994,28.953126577329304,0.4444444444444444,0.5555555555555556,0.4876847290640395,0.5123152709359606,-0.04324028461959506,0.04324028461959495,under,0.04324028461959495
Luka Doncic,DraftKings,34.5,35.649049556932994,28.953126577329304,0.4444444444444444,0.5555555555555556,0.487517163899638,0.512482836100362,-0.04307271945519359,0.04307271945519353,under,0.04307271945519353
Jamir Watkins,FanDuel,9.5,22.532286539204424,9.151692560683513,0.41912293314162474,0.5808770668583753,0.46209273182957394,0.5379072681704261,-0.0429697986879492,0.042969798687949146,under,0.042969798687949146
Kevin Durant,FanDuel,26.5,36.27891061498446,26.148998645361736,0.41912293314162474,0.5808770668583753,0.46209273182957394,0.5379072681704261,-0.0429697986879492,0.042969798687949146,under,0.042969798687949146
Sam Hauser,BetOnline.ag,7.5,23.241888748082033,9.668709139845951,0.5315172632245803,0.46848273677541974,0.48974190636412124,0.5102580936358787,0.04177535686045902,-0.04177535686045897,over,0.04177535686045902
Cameron Johnson,FanDuel,10.5,29.61739211948814,11.904732835858177,0.5315172632245803,0.46848273677541974,0.48987854251012153,0.5101214574898786,0.04163872071445873,-0.04163872071445884,over,0.04163872071445873
Luka Doncic,FanDuel,34.5,35.649049556932994,28.953126577329304,0.4444444444444444,0.5555555555555556,0.48581617766250607,0.5141838223374939,-0.041371733218061646,0.041371733218061646,under,0.041371733218061646
Sam Hauser,DraftKings,7.5,23.241888748082033,9.668709139845951,0.5315172632245803,0.46848273677541974,0.4905802562170309,0.5094197437829691,0.040937007007549375,-0.04093700700754932,over,0.040937007007549375
Austin Reaves,BetOnline.ag,23.5,35.8195883177272,24.429594994615766,0.46279761904761907,0.5372023809523809,0.5030953363598845,0.4969046636401156,-0.04029771731226539,0.040297717312265335,under,0.040297717312265335
Ajay Mitchell,DraftKings,11.5,26.241873929968477,13.104962303771067,0.5315172632245803,0.46848273677541974,0.4916850288945246,0.5083149711054754,0.03983223433005567,-0.03983223433005567,over,0.03983223433005567
Deandre Ayton,BetOnline.ag,11.5,28.207097377161755,12.830746554269332,0.5315172632245803,0.46848273677541974,0.49179655455291227,0.5082034454470877,0.03972070867166799,-0.03972070867166799,over,0.03972070867166799
Toumani Camara,DraftKings,12.5,31.51242002159252,13.442479015223862,0.46279761904761907,0.5372023809523809,0.5020774472328402,0.4979225527671597,-0.03927982818522113,0.039279828185221244,under,0.039279828185221244
Amen Thompson,DraftKings,18.5,36.78521744704525,19.57945266234856,0.5315172632245803,0.46848273677541974,0.4937655860349127,0.5062344139650873,0.03775167718966754,-0.03775167718966754,over,0.03775167718966754
Naz Reid,BetOnline.ag,12.5,24.948218887882778,12.581877500885398,0.46279761904761907,0.5372023809523809,0.5,0.5,-0.03720238095238093,0.03720238095238093,under,0.03720238095238093
Ausar Thompson,FanDuel,9.5,24.399891903095103,9.5222095431349,0.46279761904761907,0.5372023809523809,0.5,0.5,-0.03720238095238093,0.03720238095238093,under,0.03720238095238093
Jaylin Williams,BetOnline.ag,5.5,18.31305462966857,6.180020771245191,0.46279761904761907,0.5372023809523809,0.5,0.5,-0.03720238095238093,0.03720238095238093,under,0.03720238095238093
Kevin Huerter,FanDuel,8.5,20.698624061521752,9.341992269708895,0.46279761904761907,0.5372023809523809,0.5,0.5,-0.03720238095238093,0.03720238095238093,under,0.03720238095238093
Jay Huff,DraftKings,10.5,21.118036574433624,10.789929793543225,0.46279761904761907,0.5372023809523809,0.5,0.5,-0.03720238095238093,0.03720238095238093,under,0.03720238095238093
Ryan Rollins,FanDuel,18.5,32.89720283137303,19.25896639668108,0.46279761904761907,0.5372023809523809,0.5,0.5,-0.03720238095238093,0.03720238095238093,under,0.03720238095238093
Naz Reid,DraftKings,12.5,24.948218887882778,12.581877500885398,0.46279761904761907,0.5372023809523809,0.4979225527671597,0.5020774472328402,-0.03512493371954062,0.03512493371954073,under,0.03512493371954073
Onyeka Okongwu,DraftKings,12.5,29.3876344706885,14.471016720114568,0.5315172632245803,0.46848273677541974,0.4979225527671597,0.5020774472328402,0.033594710457420573,-0.03359471045742046,over,0.033594710457420573
Obi Toppin,BetOnline.ag,8.5,18.00743388365607,8.931872423455562,0.46279761904761907,0.5372023809523809,0.4948402542722694,0.5051597457277305,-0.03204263522465034,0.03204263522465045,under,0.03204263522465045
Chet Holmgren,BetOnline.ag,14.5,29.623539721282864,15.420415404428432,0.46279761904761907,0.5372023809523809,0.4948402542722694,0.5051597457277305,-0.03204263522465034,0.03204263522465045,under,0.03204263522465045
Jalen Duren,DraftKings,23.5,27.00426439966852,18.14604277184909,0.4444444444444444,0.5555555555555556,0.47614107883817425,0.5238589211618258,-0.03169663439372983,0.03169663439372983,under,0.03169663439372983
Joel Embiid,FanDuel,22.5,27.712241194516277,24.35472936705092,0.5315172632245803,0.46848273677541974,0.5,0.5,0.03151726322458026,-0.03151726322458026,over,0.03151726322458026
Quentin Grimes,FanDuel,17.5,31.079275471148176,18.759016835522264,0.5315172632245803,0.46848273677541974,0.5,0.5,0.03151726322458026,-0.03151726322458026,over,0.03151726322458026
LeBron James,FanDuel,18.5,33.79508308425259,19.97642926216959,0.5315172632245803,0.46848273677541974,0.5,0.5,0.03151726322458026,-0.03151726322458026,over,0.03151726322458026
Jay Huff,FanDuel,9.5,21.118036574433624,10.789929793543225,0.5315172632245803,0.46848273677541974,0.5,0.5,0.03151726322458026,-0.03151726322458026,over,0.03151726322458026
Deandre Ayton,FanDuel,11.5,28.207097377161755,12.830746554269332,0.5315172632245803,0.46848273677541974,0.5,0.5,0.03151726322458026,-0.03151726322458026,over,0.03151726322458026
Jalen Johnson,FanDuel,21.5,35.50326835223176,22.649569562701004,0.5315172632245803,0.46848273677541974,0.5,0.5,0.03151726322458026,-0.03151726322458026,over,0.03151726322458026
Caris LeVert,FanDuel,7.5,20.27739158761583,8.57658403530636,0.5315172632245803,0.46848273677541974,0.5,0.5,0.03151726322458026,-0.03151726322458026,over,0.03151726322458026
Obi Toppin,FanDuel,8.5,18.00743388365607,8.931872423455562,0.46279761904761907,0.5372023809523809,0.4939310568053083,0.5060689431946916,-0.03113343775768923,0.031133437757689286,under,0.031133437757689286
Tre Jones,FanDuel,13.5,28.329476520534666,14.142494702731339,0.46279761904761907,0.5372023809523809,0.4939310568053083,0.5060689431946916,-0.03113343775768923,0.031133437757689286,under,0.031133437757689286
Cedric Coward,FanDuel,12.5,24.377043650708973,12.665154432585489,0.46279761904761907,0.5372023809523809,0.4939310568053083,0.5060689431946916,-0.03113343775768923,0.031133437757689286,under,0.031133437757689286
Austin Reaves,DraftKings,23.5,35.8195883177272,24.429594994615766,0.46279761904761907,0.5372023809523809,0.4937655860349127,0.5062344139650873,-0.03096796698729365,0.03096796698729365,under,0.03096796698729365
Tre Jones,DraftKings,13.5,28.329476520534666,14.142494702731339,0.46279761904761907,0.5372023809523809,0.4916850288945246,0.5083149711054754,-0.02888740984690552,0.02888740984690552,under,0.02888740984690552
LeBron James,BetOnline.ag,18.5,33.79508308425259,19.97642926216959,0.5315172632245803,0.46848273677541974,0.5030953363598845,0.4969046636401156,0.0284219268646958,-0.028421926864695857,over,0.0284219268646958
Andrew Nembhard,BetOnline.ag,14.5,28.07601678882211,17.19658121604985,0.5315172632245803,0.46848273677541974,0.5030953363598845,0.4969046636401156,0.0284219268646958,-0.028421926864695857,over,0.0284219268646958
Ajay Mitchell,BetOnline.ag,11.5,26.241873929968477,13.104962303771067,0.5315172632245803,0.46848273677541974,0.5030953363598845,0.4969046636401156,0.0284219268646958,-0.028421926864695857,over,0.0284219268646958
Ace Bailey,FanDuel,24.5,27.884127172414694,15.776762598823082,0.4444444444444444,0.5555555555555556,0.4718423169750604,0.5281576830249397,-0.027397872530615985,0.027397872530615874,under,0.027397872530615874
Jalen Johnson,DraftKings,21.5,35.50326835223176,22.649569562701004,0.5315172632245803,0.46848273677541974,0.5041554124246831,0.4958445875753168,0.02736185079989717,-0.02736185079989706,over,0.02736185079989717
Andrew Nembhard,DraftKings,14.5,28.07601678882211,17.19658121604985,0.5315172632245803,0.46848273677541974,0.5041554124246831,0.4958445875753168,0.02736185079989717,-0.02736185079989706,over,0.02736185079989717
Gui Santos,FanDuel,12.5,30.758589953471787,12.522366373074957,0.46279761904761907,0.5372023809523809,0.48987854251012153,0.5101214574898786,-0.02708092346250246,0.02708092346250235,under,0.02708092346250235
Shai Gilgeous-Alexander,BetOnline.ag,29.5,35.0665089866412,30.196928011744326,0.46279761904761907,0.5372023809523809,0.48974190636412124,0.5102580936358787,-0.02694428731650217,0.026944287316502225,under,0.026944287316502225
Alperen Sengun,BetOnline.ag,18.5,33.78217159192422,20.43203581918504,0.5315172632245803,0.46848273677541974,0.5051597457277305,0.4948402542722694,0.02635751749684978,-0.02635751749684967,over,0.02635751749684978
Isaiah Hartenstein,DraftKings,6.5,21.30887868354567,6.913157743150314,0.46279761904761907,0.5372023809523809,0.4368658399098084,0.5631341600901917,0.025931779137810695,-0.02593177913781075,over,0.025931779137810695
Derrick White,DraftKings,16.5,33.572976426726555,17.27443894632665,0.46279761904761907,0.5372023809523809,0.48863730270225597,0.511362697297744,-0.025839683654636902,0.025839683654636958,under,0.025839683654636958
Alperen Sengun,FanDuel,18.5,33.78217159192422,20.43203581918504,0.5315172632245803,0.46848273677541974,0.5060689431946916,0.4939310568053083,0.025448320029888616,-0.02544832002988856,over,0.025448320029888616
Nicolas Claxton,FanDuel,10.5,24.319840270628642,11.867996671707377,0.5315172632245803,0.46848273677541974,0.5060689431946916,0.4939310568053083,0.025448320029888616,-0.02544832002988856,over,0.025448320029888616
Jrue Holiday,FanDuel,15.5,29.35460099048884,16.606404368215447,0.5315172632245803,0.46848273677541974,0.5060689431946916,0.4939310568053083,0.025448320029888616,-0.02544832002988856,over,0.025448320029888616
Jaylen Brown,BetOnline.ag,25.5,34.49851657442528,25.792519778764674,0.46279761904761907,0.5372023809523809,0.4876847290640395,0.5123152709359606,-0.02488711001642041,0.0248871100164203,under,0.0248871100164203
Aaron Nesmith,DraftKings,12.5,27.119594066453608,13.271671198102743,0.46279761904761907,0.5372023809523809,0.487517163899638,0.512482836100362,-0.024719544852018938,0.024719544852018882,under,0.024719544852018882
Donovan Clingan,FanDuel,15.5,26.747338660836114,16.26418313530024,0.46279761904761907,0.5372023809523809,0.48581617766250607,0.5141838223374939,-0.023018558614886997,0.023018558614886997,under,0.023018558614886997
Kyle Anderson,DraftKings,5.5,18.125265133144648,5.576347593809225,0.46279761904761907,0.5372023809523809,0.48542880932556204,0.5145711906744379,-0.02263119027794297,0.022631190277943025,under,0.022631190277943025
LeBron James,DraftKings,18.5,33.79508308425259,19.97642926216959,0.5315172632245803,0.46848273677541974,0.510397604391948,0.4896023956080519,0.021119658832632227,-0.02111965883263217,over,0.021119658832632227
Aaron Nesmith,BetOnline.ag,12.5,27.119594066453608,13.271671198102743,0.46279761904761907,0.5372023809523809,0.48149290561381863,0.5185070943861814,-0.018695286566199565,0.018695286566199565,under,0.018695286566199565
Cedric Coward,BetOnline.ag,12.5,24.377043650708973,12.665154432585489,0.46279761904761907,0.5372023809523809,0.48149290561381863,0.5185070943861814,-0.018695286566199565,0.018695286566199565,under,0.018695286566199565
Donovan Clingan,DraftKings,15.5,26.747338660836114,16.26418313530024,0.46279761904761907,0.5372023809523809,0.48124062031015497,0.5187593796898449,-0.018443001262535896,0.018443001262536063,under,0.018443001262536063
Aaron Nesmith,FanDuel,12.5,27.119594066453608,13.271671198102743,0.46279761904761907,0.5372023809523809,0.4808467741935484,0.5191532258064516,-0.018049155145929308,0.018049155145929308,under,0.018049155145929308
Onyeka Okongwu,FanDuel,13.5,29.3876344706885,14.471016720114568,0.46279761904761907,0.5372023809523809,0.4808467741935484,0.5191532258064516,-0.018049155145929308,0.018049155145929308,under,0.018049155145929308
Tim Hardaway Jr,FanDuel,11.5,25.219782797156647,12.41359089499643,0.46279761904761907,0.5372023809523809,0.4808467741935484,0.5191532258064516,-0.018049155145929308,0.018049155145929308,under,0.018049155145929308
Naji Marshall,FanDuel,16.5,30.59938103022465,18.898730345151144,0.5315172632245803,0.46848273677541974,0.5141838223374939,0.48581617766250607,0.017333440887086327,-0.017333440887086327,over,0.017333440887086327
Will Richard,FanDuel,7.5,25.270875859909406,8.616888073588495,0.5315172632245803,0.46848273677541974,0.5141838223374939,0.48581617766250607,0.017333440887086327,-0.017333440887086327,over,0.017333440887086327
Alperen Sengun,DraftKings,18.5,33.78217159192422,20.43203581918504,0.5315172632245803,0.46848273677541974,0.5145711906744379,0.48542880932556204,0.016946072550142355,-0.0169460725501423,over,0.016946072550142355
Quentin Grimes,DraftKings,17.5,31.079275471148176,18.759016835522264,0.5315172632245803,0.46848273677541974,0.5155112508272668,0.48448874917273327,0.016006012397313474,-0.01600601239731353,over,0.016006012397313474
Chet Holmgren,DraftKings,14.5,29.623539721282864,15.420415404428432,0.46279761904761907,0.5372023809523809,0.4770335727409387,0.5229664272590613,-0.014235953693319647,0.014235953693319647,under,0.014235953693319647
Julian Champagnie,DraftKings,11.5,27.17148473844583,12.243023745224926,0.46279761904761907,0.5372023809523809,0.4770335727409387,0.5229664272590613,-0.014235953693319647,0.014235953693319647,under,0.014235953693319647
Isaiah Hartenstein,FanDuel,6.5,21.30887868354567,6.913157743150314,0.46279761904761907,0.5372023809523809,0.47591522157996147,0.5240847784200385,-0.013117602532342398,0.013117602532342398,under,0.013117602532342398
Ajay Mitchell,FanDuel,11.5,26.241873929968477,13.104962303771067,0.5315172632245803,0.46848273677541974,0.5191532258064516,0.4808467741935484,0.012364037418128637,-0.012364037418128637,over,0.012364037418128637
Jamal Murray,FanDuel,22.5,35.10876888669889,23.812520985019045,0.5315172632245803,0.46848273677541974,0.5191532258064516,0.4808467741935484,0.012364037418128637,-0.012364037418128637,over,0.012364037418128637
Leonard Miller,FanDuel,8.5,23.39580637303506,10.270650284650861,0.5315172632245803,0.46848273677541974,0.5191532258064516,0.4808467741935484,0.012364037418128637,-0.012364037418128637,over,0.012364037418128637
Ben Saraf,FanDuel,9.5,24.479281147685114,11.886035884086844,0.5315172632245803,0.46848273677541974,0.5191532258064516,0.4808467741935484,0.012364037418128637,-0.012364037418128637,over,0.012364037418128637
Neemias Queta,BetOnline.ag,7.5,25.395048686084127,10.082018699980832,0.5315172632245803,0.46848273677541974,0.519675254742772,0.480324745257228,0.011842008481808275,-0.011842008481808275,over,0.011842008481808275
Jay Huff,BetOnline.ag,9.5,21.118036574433624,10.789929793543225,0.5315172632245803,0.46848273677541974,0.519675254742772,0.480324745257228,0.011842008481808275,-0.011842008481808275,over,0.011842008481808275
Derrick White,BetOnline.ag,16.5,33.572976426726555,17.27443894632665,0.46279761904761907,0.5372023809523809,0.47438944435338465,0.5256105556466153,-0.01159182530576558,0.011591825305765635,under,0.011591825305765635
Julian Champagnie,BetOnline.ag,11.5,27.17148473844583,12.243023745224926,0.46279761904761907,0.5372023809523809,0.47438944435338465,0.5256105556466153,-0.01159182530576558,0.011591825305765635,under,0.011591825305765635
Jaylin Williams,DraftKings,5.5,18.31305462966857,6.180020771245191,0.46279761904761907,0.5372023809523809,0.4513606919604917,0.5486393080395082,0.011436927087127347,-0.011436927087127291,over,0.011436927087127347
Cedric Coward,DraftKings,12.5,24.377043650708973,12.665154432585489,0.46279761904761907,0.5372023809523809,0.47404053829539794,0.5259594617046021,-0.01124291924777887,0.01124291924777887,under,0.01124291924777887
Cason Wallace,DraftKings,5.5,24.807514234386616,8.053297587275024,0.5315172632245803,0.46848273677541974,0.5419996102124343,0.45800038978756574,-0.010482346987853997,0.010482346987853997,under,0.010482346987853997
Luka Garza,DraftKings,5.5,18.379002920749215,8.482569807552235,0.5315172632245803,0.46848273677541974,0.5407914020517831,0.4592085979482169,-0.009274138827202849,0.009274138827202849,under,0.009274138827202849
Zaccharie Risacher,DraftKings,7.5,21.38698635540274,8.476874597032973,0.46279761904761907,0.5372023809523809,0.47193347193347185,0.528066528066528,-0.00913585288585278,0.009135852885852946,under,0.009135852885852946
Isaiah Hartenstein,BetOnline.ag,6.5,21.30887868354567,6.913157743150314,0.46279761904761907,0.5372023809523809,0.45374290433428893,0.5462570956657111,0.009054714713330136,-0.009054714713330192,over,0.009054714713330136
Jaylen Brown,FanDuel,25.5,34.49851657442528,25.792519778764674,0.46279761904761907,0.5372023809523809,0.4718423169750604,0.5281576830249397,-0.009044697927441336,0.009044697927441225,under,0.009044697927441225
Draymond Green,DraftKings,8.5,29.034950830428937,9.694299103341432,0.5315172632245803,0.46848273677541974,0.5229664272590613,0.4770335727409387,0.008550835965518977,-0.008550835965518977,over,0.008550835965518977
Gary Payton II,FanDuel,10.5,23.154315389972137,12.153090911527723,0.5315172632245803,0.46848273677541974,0.5240847784200385,0.47591522157996147,0.007432484804541728,-0.007432484804541728,over,0.007432484804541728
Draymond Green,FanDuel,8.5,29.034950830428937,9.694299103341432,0.5315172632245803,0.46848273677541974,0.5240847784200385,0.47591522157996147,0.007432484804541728,-0.007432484804541728,over,0.007432484804541728
Nicolas Claxton,DraftKings,9.5,24.319840270628642,11.867996671707377,0.5315172632245803,0.46848273677541974,0.5379917512690355,0.4620082487309644,-0.006474488044455273,0.006474488044455329,under,0.006474488044455329
Baylor Scheierman,FanDuel,4.5,23.899860627300253,6.201513417904245,0.5315172632245803,0.46848273677541974,0.5379072681704261,0.46209273182957394,-0.006390004945845851,0.006390004945845795,under,0.006390004945845795
Norman Powell,FanDuel,18.5,29.693304254085135,19.59253531072256,0.5315172632245803,0.46848273677541974,0.5379072681704261,0.46209273182957394,-0.006390004945845851,0.006390004945845795,under,0.006390004945845795
Julian Champagnie,FanDuel,11.5,27.17148473844583,12.243023745224926,0.46279761904761907,0.5372023809523809,0.4677419354838709,0.532258064516129,-0.004944316436251817,0.004944316436251928,under,0.004944316436251928
Sam Merrill,FanDuel,13.5,28.358342845426108,13.79361053408236,0.46279761904761907,0.5372023809523809,0.4677419354838709,0.532258064516129,-0.004944316436251817,0.004944316436251928,under,0.004944316436251928
Shai Gilgeous-Alexander,FanDuel,29.5,35.0665089866412,30.196928011744326,0.46279761904761907,0.5372023809523809,0.4677419354838709,0.532258064516129,-0.004944316436251817,0.004944316436251928,under,0.004944316436251928
Neemias Queta,FanDuel,7.5,25.395048686084127,10.082018699980832,0.5315172632245803,0.46848273677541974,0.5281576830249397,0.4718423169750604,0.003359580199640555,-0.003359580199640666,over,0.003359580199640555
Scoot Henderson,FanDuel,13.5,25.276221761724774,15.108714209781779,0.5315172632245803,0.46848273677541974,0.5281576830249397,0.4718423169750604,0.003359580199640555,-0.003359580199640666,over,0.003359580199640555
Davion Mitchell,FanDuel,7.5,28.18379064282377,10.107875550681882,0.5315172632245803,0.46848273677541974,0.5281576830249397,0.4718423169750604,0.003359580199640555,-0.003359580199640666,over,0.003359580199640555
Payton Pritchard,BetOnline.ag,13.5,32.3746425666721,15.918712817589626,0.5315172632245803,0.46848273677541974,0.5306122448979592,0.4693877551020409,0.0009050183266210432,-0.0009050183266211542,over,0.0009050183266210432
Payton Pritchard,FanDuel,13.5,32.3746425666721,15.918712817589626,0.5315172632245803,0.46848273677541974,0.532258064516129,0.4677419354838709,-0.0007408012915487427,0.0007408012915488538,under,0.0007408012915488538
Luka Garza,FanDuel,5.5,18.379002920749215,8.482569807552235,0.5315172632245803,0.46848273677541974,0.532258064516129,0.4677419354838709,-0.0007408012915487427,0.0007408012915488538,under,0.0007408012915488538
Jaylin Williams,FanDuel,4.5,18.31305462966857,6.180020771245191,0.5315172632245803,0.46848273677541974,0.532258064516129,0.4677419354838709,-0.0007408012915487427,0.0007408012915488538,under,0.0007408012915488538
Bam Adebayo,FanDuel,20.5,34.948347333157756,23.39783345652661,0.5315172632245803,0.46848273677541974,0.532258064516129,0.4677419354838709,-0.0007408012915487427,0.0007408012915488538,under,0.0007408012915488538
James Harden,FanDuel,21.5,33.85517690020358,23.94022915506825,0.5315172632245803,0.46848273677541974,0.532258064516129,0.4677419354838709,-0.0007408012915487427,0.0007408012915488538,under,0.0007408012915488538
Tyler Herro,FanDuel,19.5,32.23882874884821,21.346368491730523,0.5315172632245803,0.46848273677541974,0.532258064516129,0.4677419354838709,-0.0007408012915487427,0.0007408012915488538,under,0.0007408012915488538
Zaccharie Risacher,FanDuel,7.5,21.38698635540274,8.476874597032973,0.46279761904761907,0.5372023809523809,0.46209273182957394,0.5379072681704261,0.0007048872180451249,-0.0007048872180451804,over,0.0007048872180451249
Derrick White,FanDuel,16.5,33.572976426726555,17.27443894632665,0.46279761904761907,0.5372023809523809,0.46209273182957394,0.5379072681704261,0.0007048872180451249,-0.0007048872180451804,over,0.0007048872180451249
Terance Mann,FanDuel,5.5,20.19753006358902,5.880617436214802,0.46279761904761907,0.5372023809523809,0.46209273182957394,0.5379072681704261,0.0007048872180451249,-0.0007048872180451804,over,0.0007048872180451249
Baylor Scheierman,DraftKings,5.5,23.899860627300253,6.201513417904245,0.46279761904761907,0.5372023809523809,0.46281519310564956,0.5371848068943506,-1.7574058030489503e-05,1.757405803037848e-05,under,1.757405803037848e-05
