event_id,commence_time,home_team,away_team,bookmaker,player_name,market_key,line,over_price,under_price,opponent_team,schedule_key,predicted_value_prod,predicted_value_label,p_over_prod,p_under_prod,edge_over_prod,edge_under_prod,best_side_prod,best_edge_prod,prod_calibration_bin,prod_calibration_count,predicted_points_exp,best_side_exp,best_edge_exp,predicted_minutes_exp,p_over_market_novig,p_under_market_novig,confidence_flag,notes,flags,excluded_from_test,games_played_prior,predicted_points_prod,predicted_value_exp,prop_type,display_prop_type,broadcast,game_label
bcbad64f54906ae96b4be0ef54b453b4,2026-03-26T00:10:00Z,Memphis Grizzlies,San Antonio Spurs,FanDuel,Dylan Harper,player_points,15.5,-114,-114,,2026-03-26|memphis grizzlies|san antonio spurs,12.075024899789202,points,0.38181818181818183,0.6181818181818182,-0.11818181818181817,0.11818181818181817,under,0.11818181818181817,"(-5.0, -3.0]",275,12.096394872751043,under,0.15948275862068972,23.52160370160643,0.5,0.5,OK,,[],False,58,12.075024899789202,12.096394872751043,player_points,points,,San Antonio Spurs @ Memphis Grizzlies
bcbad64f54906ae96b4be0ef54b453b4,2026-03-26T00:10:00Z,Memphis Grizzlies,San Antonio Spurs,BetOnline.ag,Dylan Harper,player_points,15.5,-112,-115,,2026-03-26|memphis grizzlies|san antonio spurs,12.075024899789202,points,0.38181818181818183,0.6181818181818182,-0.11508648182193376,0.1150864818219337,under,0.1150864818219337,"(-5.0, -3.0]",275,12.096394872751043,under,0.15638742226080526,23.52160370160643,0.4969046636401156,0.5030953363598845,OK,,[],False,58,12.075024899789202,12.096394872751043,player_points,points,,San Antonio Spurs @ Memphis Grizzlies
bcbad64f54906ae96b4be0ef54b453b4,2026-03-26T00:10:00Z,Memphis Grizzlies,San Antonio Spurs,DraftKings,Walter Clayton Jr.,player_points,9.5,-130,102,,2026-03-26|memphis grizzlies|san antonio spurs,8.514121111718364,points,0.4211398277004639,0.5788601722995361,-0.11194990027355156,0.1119499002735515,under,0.1119499002735515,"(-1.0, 0.0]",3018,8.92060055626244,under,0.11396679483239064,22.94807428933108,0.5330897279740154,0.4669102720259846,OK,,[],False,60,8.514121111718364,8.92060055626244,player_points,points,,San Antonio Spurs @ Memphis Grizzlies
bcbad64f54906ae96b4be0ef54b453b4,2026-03-26T00:10:00Z,Memphis Grizzlies,San Antonio Spurs,BetOnline.ag,Walter Clayton Jr.,player_points,9.5,-130,101,,2026-03-26|memphis grizzlies|san antonio spurs,8.514121111718364,points,0.4211398277004639,0.5788601722995361,-0.11071443649656432,0.11071443649656443,under,0.11071443649656443,"(-1.0, 0.0]",3018,8.92060055626244,under,0.11273133105540356,22.94807428933108,0.5318542641970282,0.4681457358029717,OK,,[],False,60,8.514121111718364,8.92060055626244,player_points,points,,San Antonio Spurs @ Memphis Grizzlies
bcbad64f54906ae96b4be0ef54b453b4,2026-03-26T00:10:00Z,Memphis Grizzlies,San Antonio Spurs,DraftKings,Dylan Harper,player_points,15.5,-108,-118,,2026-03-26|memphis grizzlies|san antonio spurs,12.075024899789202,points,0.38181818181818183,0.6181818181818182,-0.10778421378987008,0.10778421378987013,under,0.10778421378987013,"(-5.0, -3.0]",275,12.096394872751043,under,0.1490851542287417,23.52160370160643,0.4896023956080519,0.510397604391948,OK,,[],False,58,12.075024899789202,12.096394872751043,player_points,points,,San Antonio Spurs @ Memphis Grizzlies
bcbad64f54906ae96b4be0ef54b453b4,2026-03-26T00:10:00Z,Memphis Grizzlies,San Antonio Spurs,DraftKings,G.G. Jackson,player_points,15.5,-126,-101,,2026-03-26|memphis grizzlies|san antonio spurs,15.123440533497115,points,0.4211398277004639,0.5788601722995361,-0.10481963400413818,0.10481963400413818,under,0.10481963400413818,"(-1.0, 0.0]",3018,15.49853587709178,under,0.10683652856297732,25.196653126832132,0.5259594617046021,0.47404053829539794,OK,,[],False,47,15.123440533497115,15.49853587709178,player_points,points,,San Antonio Spurs @ Memphis Grizzlies
bcbad64f54906ae96b4be0ef54b453b4,2026-03-26T00:10:00Z,Memphis Grizzlies,San Antonio Spurs,BetOnline.ag,G.G. Jackson,player_points,16.5,-102,-127,,2026-03-26|memphis grizzlies|san antonio spurs,15.123440533497115,points,0.37223247232472323,0.6277675276752768,-0.10215697202866142,0.10215697202866147,under,0.10215697202866147,"(-3.0, -1.0]",2168,15.49853587709178,under,0.10608343342442295,25.196653126832132,0.47438944435338465,0.5256105556466153,OK,,[],False,47,15.123440533497115,15.49853587709178,player_points,points,,San Antonio Spurs @ Memphis Grizzlies
bcbad64f54906ae96b4be0ef54b453b4,2026-03-26T00:10:00Z,Memphis Grizzlies,San Antonio Spurs,FanDuel,G.G. Jackson,player_points,16.5,-102,-130,,2026-03-26|memphis grizzlies|san antonio spurs,15.123440533497115,points,0.37223247232472323,0.6277675276752768,-0.09960984465033718,0.09960984465033706,under,0.09960984465033706,"(-3.0, -1.0]",2168,15.49853587709178,under,0.10353630604609854,25.196653126832132,0.4718423169750604,0.5281576830249397,OK,,[],False,47,15.123440533497115,15.49853587709178,player_points,points,,San Antonio Spurs @ Memphis Grizzlies
bcbad64f54906ae96b4be0ef54b453b4,2026-03-26T00:10:00Z,Memphis Grizzlies,San Antonio Spurs,BetOnline.ag,Victor Wembanyama,player_points,27.5,-103,-125,,2026-03-26|memphis grizzlies|san antonio spurs,24.241756464442062,points,0.38181818181818183,0.6181818181818182,-0.09552476359891399,0.09552476359891393,under,0.09552476359891393,"(-5.0, -3.0]",275,24.413255099916157,under,0.1368257040377855,29.65397647011358,0.4773429454170958,0.5226570545829042,OK,,[],False,56,24.241756464442062,24.413255099916157,player_points,points,,San Antonio Spurs @ Memphis Grizzlies
bcbad64f54906ae96b4be0ef54b453b4,2026-03-26T00:10:00Z,Memphis Grizzlies,San Antonio Spurs,FanDuel,Victor Wembanyama,player_points,27.5,-102,-130,,2026-03-26|memphis grizzlies|san antonio spurs,24.241756464442062,points,0.38181818181818183,0.6181818181818182,-0.09002413515687857,0.09002413515687846,under,0.09002413515687846,"(-5.0, -3.0]",275,24.413255099916157,under,0.13132507559575002,29.65397647011358,0.4718423169750604,0.5281576830249397,OK,,[],False,56,24.241756464442062,24.413255099916157,player_points,points,,San Antonio Spurs @ Memphis Grizzlies
bcbad64f54906ae96b4be0ef54b453b4,2026-03-26T00:10:00Z,Memphis Grizzlies,San Antonio Spurs,FanDuel,Walter Clayton Jr.,player_points,10.5,102,-136,,2026-03-26|memphis grizzlies|san antonio spurs,8.514121111718364,points,0.37223247232472323,0.6277675276752768,-0.08986025950485071,0.08986025950485066,under,0.08986025950485066,"(-3.0, -1.0]",2168,8.92060055626244,under,0.09378672090061213,22.94807428933108,0.46209273182957394,0.5379072681704261,OK,,[],False,60,8.514121111718364,8.92060055626244,player_points,points,,San Antonio Spurs @ Memphis Grizzlies
bcbad64f54906ae96b4be0ef54b453b4,2026-03-26T00:10:00Z,Memphis Grizzlies,San Antonio Spurs,FanDuel,Keldon Johnson,player_points,13.5,-132,100,,2026-03-26|memphis grizzlies|san antonio spurs,13.988128364207869,points,0.45075445816186555,0.5492455418381345,-0.08150360635426346,0.08150360635426357,under,0.08150360635426357,"(0.0, 1.0]",3645,14.122029286528225,under,0.06946044546851005,22.258063389275797,0.532258064516129,0.4677419354838709,OK,,[],False,71,13.988128364207869,14.122029286528225,player_points,points,,San Antonio Spurs @ Memphis Grizzlies
bcbad64f54906ae96b4be0ef54b453b4,2026-03-26T00:10:00Z,Memphis Grizzlies,San Antonio Spurs,FanDuel,Olivier-Maxence Prosper,player_points,11.5,-130,-102,,2026-03-26|memphis grizzlies|san antonio spurs,12.379411236967645,points,0.45075445816186555,0.5492455418381345,-0.07740322486307416,0.07740322486307405,under,0.07740322486307405,"(0.0, 1.0]",3645,12.06949294583703,under,0.06536006397732053,25.2896177299443,0.5281576830249397,0.4718423169750604,OK,,[],False,46,12.379411236967645,12.06949294583703,player_points,points,,San Antonio Spurs @ Memphis Grizzlies
bcbad64f54906ae96b4be0ef54b453b4,2026-03-26T00:10:00Z,Memphis Grizzlies,San Antonio Spurs,BetOnline.ag,Keldon Johnson,player_points,13.5,-127,-102,,2026-03-26|memphis grizzlies|san antonio spurs,13.988128364207869,points,0.45075445816186555,0.5492455418381345,-0.07485609748474975,0.0748560974847498,under,0.0748560974847498,"(0.0, 1.0]",3645,14.122029286528225,under,0.06281293659899628,22.258063389275797,0.5256105556466153,0.47438944435338465,OK,,[],False,71,13.988128364207869,14.122029286528225,player_points,points,,San Antonio Spurs @ Memphis Grizzlies
bcbad64f54906ae96b4be0ef54b453b4,2026-03-26T00:10:00Z,Memphis Grizzlies,San Antonio Spurs,FanDuel,Cedric Coward,player_points,12.5,-112,-118,,2026-03-26|memphis grizzlies|san antonio spurs,12.130399018297117,points,0.4211398277004639,0.5788601722995361,-0.07279122910484442,0.07279122910484448,under,0.07279122910484448,"(-1.0, 0.0]",3018,12.665154432585489,under,0.031133437757689286,24.377043650708973,0.4939310568053083,0.5060689431946916,OK,,[],False,53,12.130399018297117,12.665154432585489,player_points,points,,San Antonio Spurs @ Memphis Grizzlies
bcbad64f54906ae96b4be0ef54b453b4,2026-03-26T00:10:00Z,Memphis Grizzlies,San Antonio Spurs,BetOnline.ag,Olivier-Maxence Prosper,player_points,11.5,-123,-104,,2026-03-26|memphis grizzlies|san antonio spurs,12.379411236967645,points,0.45075445816186555,0.5492455418381345,-0.06892079658090644,0.06892079658090644,under,0.06892079658090644,"(0.0, 1.0]",3645,12.06949294583703,under,0.05687763569515292,25.2896177299443,0.519675254742772,0.480324745257228,OK,,[],False,46,12.379411236967645,12.06949294583703,player_points,points,,San Antonio Spurs @ Memphis Grizzlies
bcbad64f54906ae96b4be0ef54b453b4,2026-03-26T00:10:00Z,Memphis Grizzlies,San Antonio Spurs,DraftKings,Olivier-Maxence Prosper,player_points,11.5,-119,-108,,2026-03-26|memphis grizzlies|san antonio spurs,12.379411236967645,points,0.45075445816186555,0.5492455418381345,-0.06060823913587843,0.06060823913587848,under,0.06060823913587848,"(0.0, 1.0]",3645,12.06949294583703,under,0.04856507825012496,25.2896177299443,0.511362697297744,0.48863730270225597,OK,,[],False,46,12.379411236967645,12.06949294583703,player_points,points,,San Antonio Spurs @ Memphis Grizzlies
bcbad64f54906ae96b4be0ef54b453b4,2026-03-26T00:10:00Z,Memphis Grizzlies,San Antonio Spurs,BetOnline.ag,Cedric Coward,player_points,12.5,-105,-123,,2026-03-26|memphis grizzlies|san antonio spurs,12.130399018297117,points,0.4211398277004639,0.5788601722995361,-0.06035307791335476,0.06035307791335476,under,0.06035307791335476,"(-1.0, 0.0]",3018,12.665154432585489,under,0.018695286566199565,24.377043650708973,0.48149290561381863,0.5185070943861814,OK,,[],False,53,12.130399018297117,12.665154432585489,player_points,points,,San Antonio Spurs @ Memphis Grizzlies
bcbad64f54906ae96b4be0ef54b453b4,2026-03-26T00:10:00Z,Memphis Grizzlies,San Antonio Spurs,DraftKings,Keldon Johnson,player_points,14.5,-102,-125,,2026-03-26|memphis grizzlies|san antonio spurs,13.988128364207869,points,0.4211398277004639,0.5788601722995361,-0.05500125113771037,0.05500125113771037,under,0.05500125113771037,"(-1.0, 0.0]",3018,14.122029286528225,under,0.057018145696549505,22.258063389275797,0.47614107883817425,0.5238589211618258,OK,,[],False,71,13.988128364207869,14.122029286528225,player_points,points,,San Antonio Spurs @ Memphis Grizzlies
bcbad64f54906ae96b4be0ef54b453b4,2026-03-26T00:10:00Z,Memphis Grizzlies,San Antonio Spurs,DraftKings,Cedric Coward,player_points,12.5,-101,-126,,2026-03-26|memphis grizzlies|san antonio spurs,12.130399018297117,points,0.4211398277004639,0.5788601722995361,-0.052900710594934064,0.052900710594934064,under,0.052900710594934064,"(-1.0, 0.0]",3018,12.665154432585489,under,0.01124291924777887,24.377043650708973,0.47404053829539794,0.5259594617046021,OK,,[],False,53,12.130399018297117,12.665154432585489,player_points,points,,San Antonio Spurs @ Memphis Grizzlies
bcbad64f54906ae96b4be0ef54b453b4,2026-03-26T00:10:00Z,Memphis Grizzlies,San Antonio Spurs,BetOnline.ag,Stephon Castle,player_points,18.5,100,-130,,2026-03-26|memphis grizzlies|san antonio spurs,18.03361107579805,points,0.4211398277004639,0.5788601722995361,-0.04824792740157702,0.04824792740157691,under,0.04824792740157691,"(-1.0, 0.0]",3018,16.694475481116278,under,0.10108174417307902,29.782632022251242,0.4693877551020409,0.5306122448979592,OK,,[],False,59,18.03361107579805,16.694475481116278,player_points,points,,San Antonio Spurs @ Memphis Grizzlies
bcbad64f54906ae96b4be0ef54b453b4,2026-03-26T00:10:00Z,Memphis Grizzlies,San Antonio Spurs,FanDuel,Stephon Castle,player_points,18.5,102,-136,,2026-03-26|memphis grizzlies|san antonio spurs,18.03361107579805,points,0.4211398277004639,0.5788601722995361,-0.04095290412911007,0.04095290412911001,under,0.04095290412911001,"(-1.0, 0.0]",3018,16.694475481116278,under,0.09378672090061213,29.782632022251242,0.46209273182957394,0.5379072681704261,OK,,[],False,59,18.03361107579805,16.694475481116278,player_points,points,,San Antonio Spurs @ Memphis Grizzlies
bcbad64f54906ae96b4be0ef54b453b4,2026-03-26T00:10:00Z,Memphis Grizzlies,San Antonio Spurs,DraftKings,Devin Vassell,player_points,13.5,-121,-106,,2026-03-26|memphis grizzlies|san antonio spurs,14.72941606509292,points,0.5486425339366516,0.45135746606334837,0.033131283109384846,-0.0331312831093849,over,0.033131283109384846,"(1.0, 3.0]",3536,14.045910669262545,under,0.05271363177964766,30.740904644384134,0.5155112508272668,0.48448874917273327,EXPERIMENTAL_DIFFERENCE,Production and experimental pipelines disagree materially.,['EXPERIMENTAL_DIFFERENCE'],False,56,14.72941606509292,14.045910669262545,player_points,points,,San Antonio Spurs @ Memphis Grizzlies
bcbad64f54906ae96b4be0ef54b453b4,2026-03-26T00:10:00Z,Memphis Grizzlies,San Antonio Spurs,BetOnline.ag,Devin Vassell,player_points,13.5,-123,-104,,2026-03-26|memphis grizzlies|san antonio spurs,14.72941606509292,points,0.5486425339366516,0.45135746606334837,0.028967279193879647,-0.028967279193879647,over,0.028967279193879647,"(1.0, 3.0]",3536,14.045910669262545,under,0.05687763569515292,30.740904644384134,0.519675254742772,0.480324745257228,EXPERIMENTAL_DIFFERENCE,Production and experimental pipelines disagree materially.,['EXPERIMENTAL_DIFFERENCE'],False,56,14.72941606509292,14.045910669262545,player_points,points,,San Antonio Spurs @ Memphis Grizzlies
bcbad64f54906ae96b4be0ef54b453b4,2026-03-26T00:10:00Z,Memphis Grizzlies,San Antonio Spurs,DraftKings,Julian Champagnie,player_points,11.5,-102,-124,,2026-03-26|memphis grizzlies|san antonio spurs,12.172223846359909,points,0.45075445816186555,0.5492455418381345,-0.02627911457907317,0.02627911457907317,under,0.02627911457907317,"(0.0, 1.0]",3645,12.243023745224926,under,0.014235953693319647,27.17148473844583,0.4770335727409387,0.5229664272590613,OK,,[],False,71,12.172223846359909,12.243023745224926,player_points,points,,San Antonio Spurs @ Memphis Grizzlies
bcbad64f54906ae96b4be0ef54b453b4,2026-03-26T00:10:00Z,Memphis Grizzlies,San Antonio Spurs,BetOnline.ag,Julian Champagnie,player_points,11.5,-102,-127,,2026-03-26|memphis grizzlies|san antonio spurs,12.172223846359909,points,0.45075445816186555,0.5492455418381345,-0.023634986191519103,0.02363498619151916,under,0.02363498619151916,"(0.0, 1.0]",3645,12.243023745224926,under,0.011591825305765635,27.17148473844583,0.47438944435338465,0.5256105556466153,OK,,[],False,71,12.172223846359909,12.243023745224926,player_points,points,,San Antonio Spurs @ Memphis Grizzlies
bcbad64f54906ae96b4be0ef54b453b4,2026-03-26T00:10:00Z,Memphis Grizzlies,San Antonio Spurs,FanDuel,Julian Champagnie,player_points,11.5,100,-132,,2026-03-26|memphis grizzlies|san antonio spurs,12.172223846359909,points,0.45075445816186555,0.5492455418381345,-0.01698747732200534,0.01698747732200545,under,0.01698747732200545,"(0.0, 1.0]",3645,12.243023745224926,under,0.004944316436251928,27.17148473844583,0.4677419354838709,0.532258064516129,OK,,[],False,71,12.172223846359909,12.243023745224926,player_points,points,,San Antonio Spurs @ Memphis Grizzlies
bcbad64f54906ae96b4be0ef54b453b4,2026-03-26T00:10:00Z,Memphis Grizzlies,San Antonio Spurs,FanDuel,Devin Vassell,player_points,13.5,-136,102,,2026-03-26|memphis grizzlies|san antonio spurs,14.72941606509292,points,0.5486425339366516,0.45135746606334837,0.010735265766225521,-0.010735265766225577,over,0.010735265766225521,"(1.0, 3.0]",3536,14.045910669262545,under,0.07510964912280699,30.740904644384134,0.5379072681704261,0.46209273182957394,EXPERIMENTAL_DIFFERENCE,Production and experimental pipelines disagree materially.,['EXPERIMENTAL_DIFFERENCE'],False,56,14.72941606509292,14.045910669262545,player_points,points,,San Antonio Spurs @ Memphis Grizzlies
dcd42c163a10db20aa31d9ee311c07bd,2026-03-26T01:10:00Z,Utah Jazz,Washington Wizards,FanDuel,Ace Bailey,player_points,24.5,-102,-130,,2026-03-26|utah jazz|washington wizards,15.938881350177,points,0.3050847457627119,0.6949152542372881,-0.16675757121234852,0.16675757121234835,under,0.16675757121234835,"(-10.0, -5.0]",59,15.776762598823082,under,0.027397872530615874,27.884127172414694,0.4718423169750604,0.5281576830249397,TAIL_CALIBRATION|EXPERIMENTAL_DIFFERENCE,Calibration bin has only 59 historical samples. Production and experimental pipelines disagree materially.,"['TAIL_CALIBRATION', 'EXPERIMENTAL_DIFFERENCE']",True,62,15.938881350177,15.776762598823082,player_points,points,,Washington Wizards @ Utah Jazz
dcd42c163a10db20aa31d9ee311c07bd,2026-03-26T01:10:00Z,Utah Jazz,Washington Wizards,FanDuel,Will Riley,player_points,16.5,-132,100,,2026-03-26|utah jazz|washington wizards,14.94624544391941,points,0.37223247232472323,0.6277675276752768,-0.16002559219140577,0.16002559219140589,under,0.16002559219140589,"(-3.0, -1.0]",2168,15.041318629949108,under,0.16395205358716736,31.19394557583209,0.532258064516129,0.4677419354838709,OK,,[],False,62,14.94624544391941,15.041318629949108,player_points,points,,Washington Wizards @ Utah Jazz
dcd42c163a10db20aa31d9ee311c07bd,2026-03-26T01:10:00Z,Utah Jazz,Washington Wizards,FanDuel,Tristan Vukcevic,player_points,12.5,-128,-104,,2026-03-26|utah jazz|washington wizards,9.617147301782557,points,0.37223247232472323,0.6277675276752768,-0.1518523060953153,0.1518523060953153,under,0.1518523060953153,"(-3.0, -1.0]",2168,9.545003367294976,under,0.15577876749107678,18.78004740825886,0.5240847784200385,0.47591522157996147,OK,,[],False,45,9.617147301782557,9.545003367294976,player_points,points,,Washington Wizards @ Utah Jazz
dcd42c163a10db20aa31d9ee311c07bd,2026-03-26T01:10:00Z,Utah Jazz,Washington Wizards,FanDuel,John Konchar,player_points,7.5,-112,-118,,2026-03-26|utah jazz|washington wizards,5.377410512652792,points,0.37223247232472323,0.6277675276752768,-0.12169858448058507,0.12169858448058513,under,0.12169858448058513,"(-3.0, -1.0]",2168,4.761539457617905,under,0.1256250458763466,20.851448433870484,0.4939310568053083,0.5060689431946916,OK,,[],False,45,5.377410512652792,4.761539457617905,player_points,points,,Washington Wizards @ Utah Jazz
dcd42c163a10db20aa31d9ee311c07bd,2026-03-26T01:10:00Z,Utah Jazz,Washington Wizards,FanDuel,Cody Williams,player_points,17.5,-114,-114,,2026-03-26|utah jazz|washington wizards,13.323720740150653,points,0.38181818181818183,0.6181818181818182,-0.11818181818181817,0.11818181818181817,under,0.11818181818181817,"(-5.0, -3.0]",275,12.998555432860398,under,0.15948275862068972,27.568636057112098,0.5,0.5,OK,,[],False,56,13.323720740150653,12.998555432860398,player_points,points,,Washington Wizards @ Utah Jazz
dcd42c163a10db20aa31d9ee311c07bd,2026-03-26T01:10:00Z,Utah Jazz,Washington Wizards,FanDuel,Carlton Carrington,player_points,13.5,-132,100,,2026-03-26|utah jazz|washington wizards,12.693649225983469,points,0.4211398277004639,0.5788601722995361,-0.11111823681566513,0.11111823681566524,under,0.11111823681566524,"(-1.0, 0.0]",3018,13.888400728043475,under,0.06946044546851005,31.800182506461965,0.532258064516129,0.4677419354838709,OK,,[],False,70,12.693649225983469,13.888400728043475,player_points,points,,Washington Wizards @ Utah Jazz
dcd42c163a10db20aa31d9ee311c07bd,2026-03-26T01:10:00Z,Utah Jazz,Washington Wizards,FanDuel,Jamir Watkins,player_points,9.5,102,-136,,2026-03-26|utah jazz|washington wizards,8.173441907940285,points,0.37223247232472323,0.6277675276752768,-0.08986025950485071,0.08986025950485066,under,0.08986025950485066,"(-3.0, -1.0]",2168,9.151692560683513,under,0.042969798687949146,22.532286539204424,0.46209273182957394,0.5379072681704261,OK,,[],False,38,8.173441907940285,9.151692560683513,player_points,points,,Washington Wizards @ Utah Jazz
dcd42c163a10db20aa31d9ee311c07bd,2026-03-26T01:10:00Z,Utah Jazz,Washington Wizards,FanDuel,Bilal Coulibaly,player_points,14.5,-132,100,,2026-03-26|utah jazz|washington wizards,15.003931163069087,points,0.45075445816186555,0.5492455418381345,-0.08150360635426346,0.08150360635426357,under,0.08150360635426357,"(0.0, 1.0]",3645,14.937256327509113,under,0.06946044546851005,29.835902277180352,0.532258064516129,0.4677419354838709,OK,,[],False,48,15.003931163069087,14.937256327509113,player_points,points,,Washington Wizards @ Utah Jazz
cf2665074fd82e7b5f2b4393f20afd32,2026-03-26T01:40:00Z,Minnesota Timberwolves,Houston Rockets,BetOnline.ag,Bones Hyland,player_points,14.5,-109,-119,,2026-03-26|minnesota timberwolves|houston rockets,9.389178201182089,points,0.3050847457627119,0.6949152542372881,-0.18465716060140935,0.18465716060140935,under,0.18465716060140935,"(-10.0, -5.0]",59,11.062664026719846,under,0.14922466498481102,20.9016954490543,0.48974190636412124,0.5102580936358787,EXTREME_EDGE|TAIL_CALIBRATION,Production edge is in the extreme tail. Treat as fragile. Calibration bin has only 59 historical samples.,"['EXTREME_EDGE', 'TAIL_CALIBRATION']",True,62,9.389178201182089,11.062664026719846,player_points,points,,Houston Rockets @ Minnesota Timberwolves
cf2665074fd82e7b5f2b4393f20afd32,2026-03-26T01:40:00Z,Minnesota Timberwolves,Houston Rockets,DraftKings,Ayo Dosunmu,player_points,16.5,-126,-101,,2026-03-26|minnesota timberwolves|houston rockets,14.380769697816055,points,0.37223247232472323,0.6277675276752768,-0.15372698937987883,0.15372698937987883,under,0.15372698937987883,"(-3.0, -1.0]",2168,15.019638070978463,under,0.1576534507756403,29.978167099974385,0.5259594617046021,0.47404053829539794,OK,,[],False,62,14.380769697816055,15.019638070978463,player_points,points,,Houston Rockets @ Minnesota Timberwolves
cf2665074fd82e7b5f2b4393f20afd32,2026-03-26T01:40:00Z,Minnesota Timberwolves,Houston Rockets,BetOnline.ag,Ayo Dosunmu,player_points,16.5,-120,-108,,2026-03-26|minnesota timberwolves|houston rockets,14.380769697816055,points,0.37223247232472323,0.6277675276752768,-0.1400827986112374,0.1400827986112373,under,0.1400827986112373,"(-3.0, -1.0]",2168,15.019638070978463,under,0.14400926000699876,29.978167099974385,0.5123152709359606,0.4876847290640395,OK,,[],False,62,14.380769697816055,15.019638070978463,player_points,points,,Houston Rockets @ Minnesota Timberwolves
cf2665074fd82e7b5f2b4393f20afd32,2026-03-26T01:40:00Z,Minnesota Timberwolves,Houston Rockets,DraftKings,Rudy Gobert,player_points,12.5,-113,-113,,2026-03-26|minnesota timberwolves|houston rockets,11.427671648671023,points,0.37223247232472323,0.6277675276752768,-0.12776752767527677,0.12776752767527677,under,0.12776752767527677,"(-3.0, -1.0]",2168,11.04746223722028,under,0.13169398907103824,32.168481990622496,0.5,0.5,OK,,[],False,68,11.427671648671023,11.04746223722028,player_points,points,,Houston Rockets @ Minnesota Timberwolves
cf2665074fd82e7b5f2b4393f20afd32,2026-03-26T01:40:00Z,Minnesota Timberwolves,Houston Rockets,BetOnline.ag,Jaden McDaniels,player_points,16.5,-112,-115,,2026-03-26|minnesota timberwolves|houston rockets,13.812493451769859,points,0.37223247232472323,0.6277675276752768,-0.12467219131539237,0.12467219131539231,under,0.12467219131539231,"(-3.0, -1.0]",2168,14.741025207315243,under,0.12859865271115378,31.28405815863335,0.4969046636401156,0.5030953363598845,OK,,[],False,69,13.812493451769859,14.741025207315243,player_points,points,,Houston Rockets @ Minnesota Timberwolves
cf2665074fd82e7b5f2b4393f20afd32,2026-03-26T01:40:00Z,Minnesota Timberwolves,Houston Rockets,BetOnline.ag,Julius Randle,player_points,20.5,-112,-115,,2026-03-26|minnesota timberwolves|houston rockets,19.16368168562824,points,0.37223247232472323,0.6277675276752768,-0.12467219131539237,0.12467219131539231,under,0.12467219131539231,"(-3.0, -1.0]",2168,20.10202389112358,under,0.0777817304984908,33.47493592807581,0.4969046636401156,0.5030953363598845,OK,,[],False,71,19.16368168562824,20.10202389112358,player_points,points,,Houston Rockets @ Minnesota Timberwolves
cf2665074fd82e7b5f2b4393f20afd32,2026-03-26T01:40:00Z,Minnesota Timberwolves,Houston Rockets,DraftKings,Jaden McDaniels,player_points,16.5,-111,-115,,2026-03-26|minnesota timberwolves|houston rockets,13.812493451769859,points,0.37223247232472323,0.6277675276752768,-0.12361211525059357,0.12361211525059368,under,0.12361211525059368,"(-3.0, -1.0]",2168,14.741025207315243,under,0.12753857664635515,31.28405815863335,0.4958445875753168,0.5041554124246831,OK,,[],False,69,13.812493451769859,14.741025207315243,player_points,points,,Houston Rockets @ Minnesota Timberwolves
cf2665074fd82e7b5f2b4393f20afd32,2026-03-26T01:40:00Z,Minnesota Timberwolves,Houston Rockets,BetOnline.ag,Rudy Gobert,player_points,12.5,-110,-118,,2026-03-26|minnesota timberwolves|houston rockets,11.427671648671023,points,0.37223247232472323,0.6277675276752768,-0.11956408222818904,0.11956408222818904,under,0.11956408222818904,"(-3.0, -1.0]",2168,11.04746223722028,under,0.12349054362395051,32.168481990622496,0.49179655455291227,0.5082034454470877,OK,,[],False,68,11.427671648671023,11.04746223722028,player_points,points,,Houston Rockets @ Minnesota Timberwolves
cf2665074fd82e7b5f2b4393f20afd32,2026-03-26T01:40:00Z,Minnesota Timberwolves,Houston Rockets,FanDuel,Reed Sheppard,player_points,15.5,-106,-125,,2026-03-26|minnesota timberwolves|houston rockets,14.068321616739732,points,0.37223247232472323,0.6277675276752768,-0.10861430186882515,0.10861430186882515,under,0.10861430186882515,"(-3.0, -1.0]",2168,14.342707148126488,under,0.11254076326458662,29.84621080829638,0.4808467741935484,0.5191532258064516,OK,,[],False,70,14.068321616739732,14.342707148126488,player_points,points,,Houston Rockets @ Minnesota Timberwolves
cf2665074fd82e7b5f2b4393f20afd32,2026-03-26T01:40:00Z,Minnesota Timberwolves,Houston Rockets,DraftKings,Kevin Durant,player_points,26.5,-102,-124,,2026-03-26|minnesota timberwolves|houston rockets,25.01079701771033,points,0.37223247232472323,0.6277675276752768,-0.10480110041621549,0.10480110041621549,under,0.10480110041621549,"(-3.0, -1.0]",2168,26.148998645361736,under,0.05791063959931397,36.27891061498446,0.4770335727409387,0.5229664272590613,OK,,[],False,67,25.01079701771033,26.148998645361736,player_points,points,,Houston Rockets @ Minnesota Timberwolves
cf2665074fd82e7b5f2b4393f20afd32,2026-03-26T01:40:00Z,Minnesota Timberwolves,Houston Rockets,DraftKings,Julius Randle,player_points,21.5,-102,-125,,2026-03-26|minnesota timberwolves|houston rockets,19.16368168562824,points,0.37223247232472323,0.6277675276752768,-0.10390860651345102,0.10390860651345102,under,0.10390860651345102,"(-3.0, -1.0]",2168,20.10202389112358,under,0.10783506790921249,33.47493592807581,0.47614107883817425,0.5238589211618258,OK,,[],False,71,19.16368168562824,20.10202389112358,player_points,points,,Houston Rockets @ Minnesota Timberwolves
cf2665074fd82e7b5f2b4393f20afd32,2026-03-26T01:40:00Z,Minnesota Timberwolves,Houston Rockets,BetOnline.ag,Kevin Durant,player_points,26.5,100,-130,,2026-03-26|minnesota timberwolves|houston rockets,25.01079701771033,points,0.37223247232472323,0.6277675276752768,-0.09715528277731766,0.09715528277731755,under,0.09715528277731755,"(-3.0, -1.0]",2168,26.148998645361736,under,0.05026482196041604,36.27891061498446,0.4693877551020409,0.5306122448979592,OK,,[],False,67,25.01079701771033,26.148998645361736,player_points,points,,Houston Rockets @ Minnesota Timberwolves
cf2665074fd82e7b5f2b4393f20afd32,2026-03-26T01:40:00Z,Minnesota Timberwolves,Houston Rockets,FanDuel,Kevin Durant,player_points,26.5,102,-136,,2026-03-26|minnesota timberwolves|houston rockets,25.01079701771033,points,0.37223247232472323,0.6277675276752768,-0.08986025950485071,0.08986025950485066,under,0.08986025950485066,"(-3.0, -1.0]",2168,26.148998645361736,under,0.042969798687949146,36.27891061498446,0.46209273182957394,0.5379072681704261,OK,,[],False,67,25.01079701771033,26.148998645361736,player_points,points,,Houston Rockets @ Minnesota Timberwolves
cf2665074fd82e7b5f2b4393f20afd32,2026-03-26T01:40:00Z,Minnesota Timberwolves,Houston Rockets,FanDuel,Jabari Smith Jr,player_points,14.5,102,-136,,2026-03-26|minnesota timberwolves|houston rockets,17.403937884704316,points,0.5486425339366516,0.45135746606334837,0.08654980210707769,-0.08654980210707774,over,0.08654980210707769,"(1.0, 3.0]",3536,16.812025559062477,over,0.06942453139500632,34.70694104279179,0.46209273182957394,0.5379072681704261,OK,,[],False,66,17.403937884704316,16.812025559062477,player_points,points,,Houston Rockets @ Minnesota Timberwolves
cf2665074fd82e7b5f2b4393f20afd32,2026-03-26T01:40:00Z,Minnesota Timberwolves,Houston Rockets,BetOnline.ag,Donte DiVincenzo,player_points,11.5,-114,-114,,2026-03-26|minnesota timberwolves|houston rockets,11.04005604109491,points,0.4211398277004639,0.5788601722995361,-0.07886017229953612,0.07886017229953612,under,0.07886017229953612,"(-1.0, 0.0]",3018,9.91200793039212,under,0.13169398907103824,29.18633472853222,0.5,0.5,OK,,[],False,71,11.04005604109491,9.91200793039212,player_points,points,,Houston Rockets @ Minnesota Timberwolves
cf2665074fd82e7b5f2b4393f20afd32,2026-03-26T01:40:00Z,Minnesota Timberwolves,Houston Rockets,DraftKings,Donte DiVincenzo,player_points,11.5,-112,-114,,2026-03-26|minnesota timberwolves|houston rockets,11.04005604109491,points,0.4211398277004639,0.5788601722995361,-0.07678272506669581,0.07678272506669592,under,0.07678272506669592,"(-1.0, 0.0]",3018,9.91200793039212,under,0.12961654183819804,29.18633472853222,0.4979225527671597,0.5020774472328402,OK,,[],False,71,11.04005604109491,9.91200793039212,player_points,points,,Houston Rockets @ Minnesota Timberwolves
cf2665074fd82e7b5f2b4393f20afd32,2026-03-26T01:40:00Z,Minnesota Timberwolves,Houston Rockets,BetOnline.ag,Jabari Smith Jr,player_points,14.5,-101,-128,,2026-03-26|minnesota timberwolves|houston rockets,17.403937884704316,points,0.5486425339366516,0.45135746606334837,0.07633143376436513,-0.07633143376436513,over,0.07633143376436513,"(1.0, 3.0]",3536,16.812025559062477,over,0.05920616305229376,34.70694104279179,0.4723111001722865,0.5276888998277135,OK,,[],False,66,17.403937884704316,16.812025559062477,player_points,points,,Houston Rockets @ Minnesota Timberwolves
cf2665074fd82e7b5f2b4393f20afd32,2026-03-26T01:40:00Z,Minnesota Timberwolves,Houston Rockets,BetOnline.ag,Reed Sheppard,player_points,14.5,-112,-115,,2026-03-26|minnesota timberwolves|houston rockets,14.068321616739732,points,0.4211398277004639,0.5788601722995361,-0.07576483593965172,0.07576483593965166,under,0.07576483593965166,"(-1.0, 0.0]",3018,14.342707148126488,under,0.0777817304984908,29.84621080829638,0.4969046636401156,0.5030953363598845,OK,,[],False,70,14.068321616739732,14.342707148126488,player_points,points,,Houston Rockets @ Minnesota Timberwolves
cf2665074fd82e7b5f2b4393f20afd32,2026-03-26T01:40:00Z,Minnesota Timberwolves,Houston Rockets,DraftKings,Reed Sheppard,player_points,13.5,-124,-103,,2026-03-26|minnesota timberwolves|houston rockets,14.068321616739732,points,0.45075445816186555,0.5492455418381345,-0.07100990631869164,0.07100990631869158,under,0.07100990631869158,"(0.0, 1.0]",3645,14.342707148126488,under,0.05896674543293806,29.84621080829638,0.5217643644805572,0.47823563551944287,OK,,[],False,70,14.068321616739732,14.342707148126488,player_points,points,,Houston Rockets @ Minnesota Timberwolves
cf2665074fd82e7b5f2b4393f20afd32,2026-03-26T01:40:00Z,Minnesota Timberwolves,Houston Rockets,DraftKings,Jabari Smith Jr,player_points,14.5,-106,-121,,2026-03-26|minnesota timberwolves|houston rockets,17.403937884704316,points,0.5486425339366516,0.45135746606334837,0.06415378476391836,-0.06415378476391842,over,0.06415378476391836,"(1.0, 3.0]",3536,16.812025559062477,over,0.04702851405184699,34.70694104279179,0.48448874917273327,0.5155112508272668,OK,,[],False,66,17.403937884704316,16.812025559062477,player_points,points,,Houston Rockets @ Minnesota Timberwolves
cf2665074fd82e7b5f2b4393f20afd32,2026-03-26T01:40:00Z,Minnesota Timberwolves,Houston Rockets,BetOnline.ag,Naz Reid,player_points,12.5,-114,-114,,2026-03-26|minnesota timberwolves|houston rockets,12.842300999575647,points,0.45075445816186555,0.5492455418381345,-0.049245541838134455,0.049245541838134455,under,0.049245541838134455,"(0.0, 1.0]",3645,12.581877500885398,under,0.03720238095238093,24.948218887882778,0.5,0.5,OK,,[],False,68,12.842300999575647,12.581877500885398,player_points,points,,Houston Rockets @ Minnesota Timberwolves
cf2665074fd82e7b5f2b4393f20afd32,2026-03-26T01:40:00Z,Minnesota Timberwolves,Houston Rockets,DraftKings,Naz Reid,player_points,12.5,-112,-114,,2026-03-26|minnesota timberwolves|houston rockets,12.842300999575647,points,0.45075445816186555,0.5492455418381345,-0.04716809460529414,0.04716809460529425,under,0.04716809460529425,"(0.0, 1.0]",3645,12.581877500885398,under,0.03512493371954073,24.948218887882778,0.4979225527671597,0.5020774472328402,OK,,[],False,68,12.842300999575647,12.581877500885398,player_points,points,,Houston Rockets @ Minnesota Timberwolves
cf2665074fd82e7b5f2b4393f20afd32,2026-03-26T01:40:00Z,Minnesota Timberwolves,Houston Rockets,BetOnline.ag,Alperen Sengun,player_points,18.5,-116,-111,,2026-03-26|minnesota timberwolves|houston rockets,20.048450172065486,points,0.5486425339366516,0.45135746606334837,0.04348278820892115,-0.04348278820892104,over,0.04348278820892115,"(1.0, 3.0]",3536,20.43203581918504,over,0.02635751749684978,33.78217159192422,0.5051597457277305,0.4948402542722694,OK,,[],False,61,20.048450172065486,20.43203581918504,player_points,points,,Houston Rockets @ Minnesota Timberwolves
cf2665074fd82e7b5f2b4393f20afd32,2026-03-26T01:40:00Z,Minnesota Timberwolves,Houston Rockets,DraftKings,Amen Thompson,player_points,18.5,-110,-116,,2026-03-26|minnesota timberwolves|houston rockets,18.9110095030222,points,0.45075445816186555,0.5492455418381345,-0.04301112787304717,0.04301112787304717,under,0.04301112787304717,"(0.0, 1.0]",3645,19.57945266234856,over,0.03775167718966754,36.78521744704525,0.4937655860349127,0.5062344139650873,EXPERIMENTAL_DIFFERENCE,Production and experimental pipelines disagree materially.,['EXPERIMENTAL_DIFFERENCE'],False,68,18.9110095030222,19.57945266234856,player_points,points,,Houston Rockets @ Minnesota Timberwolves
cf2665074fd82e7b5f2b4393f20afd32,2026-03-26T01:40:00Z,Minnesota Timberwolves,Houston Rockets,FanDuel,Alperen Sengun,player_points,18.5,-118,-112,,2026-03-26|minnesota timberwolves|houston rockets,20.048450172065486,points,0.5486425339366516,0.45135746606334837,0.04257359074195999,-0.04257359074195993,over,0.04257359074195999,"(1.0, 3.0]",3536,20.43203581918504,over,0.025448320029888616,33.78217159192422,0.5060689431946916,0.4939310568053083,OK,,[],False,61,20.048450172065486,20.43203581918504,player_points,points,,Houston Rockets @ Minnesota Timberwolves
cf2665074fd82e7b5f2b4393f20afd32,2026-03-26T01:40:00Z,Minnesota Timberwolves,Houston Rockets,DraftKings,Kyle Anderson,player_points,5.5,-106,-120,,2026-03-26|minnesota timberwolves|houston rockets,5.9200182841852245,points,0.45075445816186555,0.5492455418381345,-0.03467435116369649,0.03467435116369655,under,0.03467435116369655,"(0.0, 1.0]",3645,5.576347593809225,under,0.022631190277943025,18.125265133144648,0.48542880932556204,0.5145711906744379,OK,,[],False,33,5.9200182841852245,5.576347593809225,player_points,points,,Houston Rockets @ Minnesota Timberwolves
cf2665074fd82e7b5f2b4393f20afd32,2026-03-26T01:40:00Z,Minnesota Timberwolves,Houston Rockets,DraftKings,Alperen Sengun,player_points,18.5,-120,-106,,2026-03-26|minnesota timberwolves|houston rockets,20.048450172065486,points,0.5486425339366516,0.45135746606334837,0.03407134326221373,-0.03407134326221367,over,0.03407134326221373,"(1.0, 3.0]",3536,20.43203581918504,over,0.016946072550142355,33.78217159192422,0.5145711906744379,0.48542880932556204,OK,,[],False,61,20.048450172065486,20.43203581918504,player_points,points,,Houston Rockets @ Minnesota Timberwolves
cf2665074fd82e7b5f2b4393f20afd32,2026-03-26T01:40:00Z,Minnesota Timberwolves,Houston Rockets,BetOnline.ag,Amen Thompson,player_points,18.5,-103,-125,,2026-03-26|minnesota timberwolves|houston rockets,18.9110095030222,points,0.45075445816186555,0.5492455418381345,-0.026588487255230275,0.02658848725523022,under,0.02658848725523022,"(0.0, 1.0]",3645,19.57945266234856,over,0.05417431780748444,36.78521744704525,0.4773429454170958,0.5226570545829042,EXPERIMENTAL_DIFFERENCE,Production and experimental pipelines disagree materially.,['EXPERIMENTAL_DIFFERENCE'],False,68,18.9110095030222,19.57945266234856,player_points,points,,Houston Rockets @ Minnesota Timberwolves
cf2665074fd82e7b5f2b4393f20afd32,2026-03-26T01:40:00Z,Minnesota Timberwolves,Houston Rockets,FanDuel,Amen Thompson,player_points,18.5,102,-136,,2026-03-26|minnesota timberwolves|houston rockets,18.9110095030222,points,0.45075445816186555,0.5492455418381345,-0.011338273667708398,0.011338273667708343,under,0.011338273667708343,"(0.0, 1.0]",3645,19.57945266234856,over,0.06942453139500632,36.78521744704525,0.46209273182957394,0.5379072681704261,EXPERIMENTAL_DIFFERENCE,Production and experimental pipelines disagree materially.,['EXPERIMENTAL_DIFFERENCE'],False,68,18.9110095030222,19.57945266234856,player_points,points,,Houston Rockets @ Minnesota Timberwolves
63b3c408cf1e55eb8d34aec686038a87,2026-03-26T02:10:00Z,Denver Nuggets,Dallas Mavericks,FanDuel,Peyton Watson,player_points,9.5,-112,-118,,2026-03-26|denver nuggets|dallas mavericks,18.707562664226792,points,0.7368421052631579,0.26315789473684215,0.24291104845784955,-0.2429110484578495,over,0.24291104845784955,"(5.0, 10.0]",152,18.669690165503205,over,0.274361626121521,34.093065704736354,0.4939310568053083,0.5060689431946916,EXTREME_EDGE,Production edge is in the extreme tail. Treat as fragile.,['EXTREME_EDGE'],True,49,18.707562664226792,18.669690165503205,player_points,points,,Dallas Mavericks @ Denver Nuggets
63b3c408cf1e55eb8d34aec686038a87,2026-03-26T02:10:00Z,Denver Nuggets,Dallas Mavericks,FanDuel,Aaron Gordon,player_points,16.5,-112,-118,,2026-03-26|denver nuggets|dallas mavericks,15.493391537835038,points,0.37223247232472323,0.6277675276752768,-0.12169858448058507,0.12169858448058513,under,0.12169858448058513,"(-3.0, -1.0]",2168,15.073002956948148,under,0.1256250458763466,27.84666981414212,0.4939310568053083,0.5060689431946916,OK,,[],False,29,15.493391537835038,15.073002956948148,player_points,points,,Dallas Mavericks @ Denver Nuggets
63b3c408cf1e55eb8d34aec686038a87,2026-03-26T02:10:00Z,Denver Nuggets,Dallas Mavericks,FanDuel,P.J. Washington,player_points,14.5,-120,-110,,2026-03-26|denver nuggets|dallas mavericks,14.425106324319646,points,0.4211398277004639,0.5788601722995361,-0.0889816297894147,0.0889816297894146,under,0.0889816297894146,"(-1.0, 0.0]",3018,14.918439787143218,under,0.0473238384422594,31.12900214348596,0.5101214574898786,0.48987854251012153,OK,,[],False,52,14.425106324319646,14.918439787143218,player_points,points,,Dallas Mavericks @ Denver Nuggets
63b3c408cf1e55eb8d34aec686038a87,2026-03-26T02:10:00Z,Denver Nuggets,Dallas Mavericks,FanDuel,Cooper Flagg,player_points,21.5,-118,-112,,2026-03-26|denver nuggets|dallas mavericks,21.3470102162192,points,0.4211398277004639,0.5788601722995361,-0.08492911549422777,0.08492911549422782,under,0.08492911549422782,"(-1.0, 0.0]",3018,21.547208753143085,under,0.04327132414707263,32.96958051341174,0.5060689431946916,0.4939310568053083,OK,,[],False,59,21.3470102162192,21.547208753143085,player_points,points,,Dallas Mavericks @ Denver Nuggets
63b3c408cf1e55eb8d34aec686038a87,2026-03-26T02:10:00Z,Denver Nuggets,Dallas Mavericks,FanDuel,Max Christie,player_points,11.5,-114,-114,,2026-03-26|denver nuggets|dallas mavericks,11.420688365994529,points,0.4211398277004639,0.5788601722995361,-0.07886017229953612,0.07886017229953612,under,0.07886017229953612,"(-1.0, 0.0]",3018,11.411988502000835,under,0.08087706685837526,27.630536290503183,0.5,0.5,OK,,[],False,66,11.420688365994529,11.411988502000835,player_points,points,,Dallas Mavericks @ Denver Nuggets
63b3c408cf1e55eb8d34aec686038a87,2026-03-26T02:10:00Z,Denver Nuggets,Dallas Mavericks,FanDuel,Christian Braun,player_points,11.5,-102,-130,,2026-03-26|denver nuggets|dallas mavericks,14.282889420595543,points,0.5486425339366516,0.45135746606334837,0.07680021696159123,-0.07680021696159134,over,0.07680021696159123,"(1.0, 3.0]",3536,13.515826504504389,over,0.059674946249519856,32.635797739099495,0.4718423169750604,0.5281576830249397,OK,,[],False,35,14.282889420595543,13.515826504504389,player_points,points,,Dallas Mavericks @ Denver Nuggets
63b3c408cf1e55eb8d34aec686038a87,2026-03-26T02:10:00Z,Denver Nuggets,Dallas Mavericks,FanDuel,Bruce Brown,player_points,6.5,-125,-106,,2026-03-26|denver nuggets|dallas mavericks,7.324337716567652,points,0.45075445816186555,0.5492455418381345,-0.06839876764458608,0.06839876764458608,under,0.06839876764458608,"(0.0, 1.0]",3645,6.921300785641426,under,0.056355606758832555,20.689632797443394,0.5191532258064516,0.4808467741935484,OK,,[],False,71,7.324337716567652,6.921300785641426,player_points,points,,Dallas Mavericks @ Denver Nuggets
63b3c408cf1e55eb8d34aec686038a87,2026-03-26T02:10:00Z,Denver Nuggets,Dallas Mavericks,FanDuel,Tim Hardaway Jr,player_points,11.5,-106,-125,,2026-03-26|denver nuggets|dallas mavericks,13.641968521925344,points,0.5486425339366516,0.45135746606334837,0.06779575974310326,-0.06779575974310326,over,0.06779575974310326,"(1.0, 3.0]",3536,12.41359089499643,under,0.018049155145929308,25.219782797156647,0.4808467741935484,0.5191532258064516,EXPERIMENTAL_DIFFERENCE,Production and experimental pipelines disagree materially.,['EXPERIMENTAL_DIFFERENCE'],False,70,13.641968521925344,12.41359089499643,player_points,points,,Dallas Mavericks @ Denver Nuggets
63b3c408cf1e55eb8d34aec686038a87,2026-03-26T02:10:00Z,Denver Nuggets,Dallas Mavericks,FanDuel,Cameron Johnson,player_points,10.5,-110,-120,,2026-03-26|denver nuggets|dallas mavericks,11.716918840332495,points,0.5486425339366516,0.45135746606334837,0.058763991426530104,-0.058763991426530215,over,0.058763991426530104,"(1.0, 3.0]",3536,11.904732835858177,over,0.04163872071445873,29.61739211948814,0.48987854251012153,0.5101214574898786,OK,,[],False,45,11.716918840332495,11.904732835858177,player_points,points,,Dallas Mavericks @ Denver Nuggets
63b3c408cf1e55eb8d34aec686038a87,2026-03-26T02:10:00Z,Denver Nuggets,Dallas Mavericks,FanDuel,Naji Marshall,player_points,16.5,-122,-108,,2026-03-26|denver nuggets|dallas mavericks,18.04221623885039,points,0.5486425339366516,0.45135746606334837,0.0344587115991577,-0.0344587115991577,over,0.0344587115991577,"(1.0, 3.0]",3536,18.898730345151144,over,0.017333440887086327,30.59938103022465,0.5141838223374939,0.48581617766250607,OK,,[],False,68,18.04221623885039,18.898730345151144,player_points,points,,Dallas Mavericks @ Denver Nuggets
63b3c408cf1e55eb8d34aec686038a87,2026-03-26T02:10:00Z,Denver Nuggets,Dallas Mavericks,FanDuel,Jamal Murray,player_points,22.5,-125,-106,,2026-03-26|denver nuggets|dallas mavericks,24.99553133608899,points,0.5486425339366516,0.45135746606334837,0.02948930813020001,-0.02948930813020001,over,0.02948930813020001,"(1.0, 3.0]",3536,23.812520985019045,over,0.012364037418128637,35.10876888669889,0.5191532258064516,0.4808467741935484,OK,,[],False,66,24.99553133608899,23.812520985019045,player_points,points,,Dallas Mavericks @ Denver Nuggets
63b3c408cf1e55eb8d34aec686038a87,2026-03-26T02:10:00Z,Denver Nuggets,Dallas Mavericks,FanDuel,Klay Thompson,player_points,12.5,100,-132,,2026-03-26|denver nuggets|dallas mavericks,12.507170925354766,points,0.45075445816186555,0.5492455418381345,-0.01698747732200534,0.01698747732200545,under,0.01698747732200545,"(0.0, 1.0]",3645,11.65960613012971,under,0.048619002342246254,21.90557468207041,0.4677419354838709,0.532258064516129,OK,,[],False,61,12.507170925354766,11.65960613012971,player_points,points,,Dallas Mavericks @ Denver Nuggets
63b3c408cf1e55eb8d34aec686038a87,2026-03-26T02:10:00Z,Denver Nuggets,Dallas Mavericks,FanDuel,Nikola Jokic,player_points,28.5,100,-132,,2026-03-26|denver nuggets|dallas mavericks,28.992350121095495,points,0.45075445816186555,0.5492455418381345,-0.01698747732200534,0.01698747732200545,under,0.01698747732200545,"(0.0, 1.0]",3645,30.100727633689054,over,0.06377532774070938,35.41427009324085,0.4677419354838709,0.532258064516129,EXPERIMENTAL_DIFFERENCE,Production and experimental pipelines disagree materially.,['EXPERIMENTAL_DIFFERENCE'],False,55,28.992350121095495,30.100727633689054,player_points,points,,Dallas Mavericks @ Denver Nuggets
63b3c408cf1e55eb8d34aec686038a87,2026-03-26T02:10:00Z,Denver Nuggets,Dallas Mavericks,FanDuel,Daniel Gafford,player_points,9.5,-132,100,,2026-03-26|denver nuggets|dallas mavericks,11.29543963145319,points,0.5486425339366516,0.45135746606334837,0.01638446942052263,-0.01638446942052252,over,0.01638446942052263,"(1.0, 3.0]",3536,12.57069322132764,over,0.16209930225503089,23.609051208995645,0.532258064516129,0.4677419354838709,EXPERIMENTAL_DIFFERENCE,Production and experimental pipelines disagree materially.,['EXPERIMENTAL_DIFFERENCE'],False,50,11.29543963145319,12.57069322132764,player_points,points,,Dallas Mavericks @ Denver Nuggets
f0853d396988ee8ea615897e136d22cb,2026-03-26T02:10:00Z,Golden State Warriors,Brooklyn Nets,FanDuel,Drake Powell,player_points,7.5,-125,-106,,2026-03-26|golden state warriors|brooklyn nets,6.419319627468184,points,0.37223247232472323,0.6277675276752768,-0.1469207534817284,0.1469207534817284,under,0.1469207534817284,"(-3.0, -1.0]",2168,6.012438941758225,under,0.15084721487748987,19.464148737836055,0.5191532258064516,0.4808467741935484,OK,,[],False,53,6.419319627468184,6.012438941758225,player_points,points,,Brooklyn Nets @ Golden State Warriors
f0853d396988ee8ea615897e136d22cb,2026-03-26T02:10:00Z,Golden State Warriors,Brooklyn Nets,DraftKings,Kristaps Porzingis,player_points,17.5,-120,-106,,2026-03-26|golden state warriors|brooklyn nets,15.351167341168804,points,0.37223247232472323,0.6277675276752768,-0.14233871834971468,0.14233871834971473,under,0.14233871834971473,"(-3.0, -1.0]",2168,16.01329406779781,under,0.1462651797454762,22.479373181489592,0.5145711906744379,0.48542880932556204,OK,,[],False,24,15.351167341168804,16.01329406779781,player_points,points,,Brooklyn Nets @ Golden State Warriors
f0853d396988ee8ea615897e136d22cb,2026-03-26T02:10:00Z,Golden State Warriors,Brooklyn Nets,DraftKings,Drake Powell,player_points,7.5,-119,-107,,2026-03-26|golden state warriors|brooklyn nets,6.419319627468184,points,0.37223247232472323,0.6277675276752768,-0.14025036377563882,0.14025036377563876,under,0.14025036377563876,"(-3.0, -1.0]",2168,6.012438941758225,under,0.14417682517140024,19.464148737836055,0.512482836100362,0.487517163899638,OK,,[],False,53,6.419319627468184,6.012438941758225,player_points,points,,Brooklyn Nets @ Golden State Warriors
f0853d396988ee8ea615897e136d22cb,2026-03-26T02:10:00Z,Golden State Warriors,Brooklyn Nets,FanDuel,Josh Minott,player_points,13.5,-118,-112,,2026-03-26|golden state warriors|brooklyn nets,9.853480098320281,points,0.38181818181818183,0.6181818181818182,-0.12425076137650981,0.12425076137650987,under,0.12425076137650987,"(-5.0, -3.0]",275,11.381075678731412,under,0.13776293226572994,21.50179781812636,0.5060689431946916,0.4939310568053083,OK,,[],False,43,9.853480098320281,11.381075678731412,player_points,points,,Brooklyn Nets @ Golden State Warriors
f0853d396988ee8ea615897e136d22cb,2026-03-26T02:10:00Z,Golden State Warriors,Brooklyn Nets,DraftKings,Ziaire Williams,player_points,11.5,-110,-116,,2026-03-26|golden state warriors|brooklyn nets,10.060764326148306,points,0.37223247232472323,0.6277675276752768,-0.12153311371018949,0.12153311371018949,under,0.12153311371018949,"(-3.0, -1.0]",2168,10.550785570525518,under,0.07464265289328798,24.32535435647182,0.4937655860349127,0.5062344139650873,OK,,[],False,51,10.060764326148306,10.550785570525518,player_points,points,,Brooklyn Nets @ Golden State Warriors
f0853d396988ee8ea615897e136d22cb,2026-03-26T02:10:00Z,Golden State Warriors,Brooklyn Nets,FanDuel,Kristaps Porzingis,player_points,17.5,-106,-125,,2026-03-26|golden state warriors|brooklyn nets,15.351167341168804,points,0.37223247232472323,0.6277675276752768,-0.10861430186882515,0.10861430186882515,under,0.10861430186882515,"(-3.0, -1.0]",2168,16.01329406779781,under,0.11254076326458662,22.479373181489592,0.4808467741935484,0.5191532258064516,OK,,[],False,24,15.351167341168804,16.01329406779781,player_points,points,,Brooklyn Nets @ Golden State Warriors
f0853d396988ee8ea615897e136d22cb,2026-03-26T02:10:00Z,Golden State Warriors,Brooklyn Nets,FanDuel,Jalen Wilson,player_points,10.5,-104,-128,,2026-03-26|golden state warriors|brooklyn nets,7.8543038395363975,points,0.37223247232472323,0.6277675276752768,-0.10368274925523824,0.10368274925523824,under,0.10368274925523824,"(-3.0, -1.0]",2168,7.860196135150447,under,0.10760921065099971,19.654111835309152,0.47591522157996147,0.5240847784200385,OK,,[],False,45,7.8543038395363975,7.860196135150447,player_points,points,,Brooklyn Nets @ Golden State Warriors
f0853d396988ee8ea615897e136d22cb,2026-03-26T02:10:00Z,Golden State Warriors,Brooklyn Nets,FanDuel,Ziaire Williams,player_points,10.5,-128,-104,,2026-03-26|golden state warriors|brooklyn nets,10.060764326148306,points,0.4211398277004639,0.5788601722995361,-0.10294495071957466,0.10294495071957466,under,0.10294495071957466,"(-1.0, 0.0]",3018,10.550785570525518,under,0.061287159372419464,24.32535435647182,0.5240847784200385,0.47591522157996147,OK,,[],False,51,10.060764326148306,10.550785570525518,player_points,points,,Brooklyn Nets @ Golden State Warriors
f0853d396988ee8ea615897e136d22cb,2026-03-26T02:10:00Z,Golden State Warriors,Brooklyn Nets,FanDuel,Draymond Green,player_points,8.5,-128,-104,,2026-03-26|golden state warriors|brooklyn nets,9.484726697694626,points,0.45075445816186555,0.5492455418381345,-0.07333032025817299,0.07333032025817299,under,0.07333032025817299,"(0.0, 1.0]",3645,9.694299103341432,over,0.007432484804541728,29.034950830428937,0.5240847784200385,0.47591522157996147,EXPERIMENTAL_DIFFERENCE,Production and experimental pipelines disagree materially.,['EXPERIMENTAL_DIFFERENCE'],False,58,9.484726697694626,9.694299103341432,player_points,points,,Brooklyn Nets @ Golden State Warriors
f0853d396988ee8ea615897e136d22cb,2026-03-26T02:10:00Z,Golden State Warriors,Brooklyn Nets,DraftKings,Draymond Green,player_points,8.5,-124,-102,,2026-03-26|golden state warriors|brooklyn nets,9.484726697694626,points,0.45075445816186555,0.5492455418381345,-0.07221196909719574,0.07221196909719574,under,0.07221196909719574,"(0.0, 1.0]",3645,9.694299103341432,over,0.008550835965518977,29.034950830428937,0.5229664272590613,0.4770335727409387,EXPERIMENTAL_DIFFERENCE,Production and experimental pipelines disagree materially.,['EXPERIMENTAL_DIFFERENCE'],False,58,9.484726697694626,9.694299103341432,player_points,points,,Brooklyn Nets @ Golden State Warriors
f0853d396988ee8ea615897e136d22cb,2026-03-26T02:10:00Z,Golden State Warriors,Brooklyn Nets,FanDuel,Ben Saraf,player_points,9.5,-125,-106,,2026-03-26|golden state warriors|brooklyn nets,9.965876580826563,points,0.45075445816186555,0.5492455418381345,-0.06839876764458608,0.06839876764458608,under,0.06839876764458608,"(0.0, 1.0]",3645,11.886035884086844,over,0.012364037418128637,24.479281147685114,0.5191532258064516,0.4808467741935484,EXPERIMENTAL_DIFFERENCE,Production and experimental pipelines disagree materially.,['EXPERIMENTAL_DIFFERENCE'],False,34,9.965876580826563,11.886035884086844,player_points,points,,Brooklyn Nets @ Golden State Warriors
f0853d396988ee8ea615897e136d22cb,2026-03-26T02:10:00Z,Golden State Warriors,Brooklyn Nets,FanDuel,Gui Santos,player_points,12.5,-110,-120,,2026-03-26|golden state warriors|brooklyn nets,14.96163402338189,points,0.5486425339366516,0.45135746606334837,0.058763991426530104,-0.058763991426530215,over,0.058763991426530104,"(1.0, 3.0]",3536,12.522366373074957,under,0.02708092346250235,30.758589953471787,0.48987854251012153,0.5101214574898786,EXPERIMENTAL_DIFFERENCE,Production and experimental pipelines disagree materially.,['EXPERIMENTAL_DIFFERENCE'],False,60,14.96163402338189,12.522366373074957,player_points,points,,Brooklyn Nets @ Golden State Warriors
f0853d396988ee8ea615897e136d22cb,2026-03-26T02:10:00Z,Golden State Warriors,Brooklyn Nets,FanDuel,Nicolas Claxton,player_points,10.5,-118,-112,,2026-03-26|golden state warriors|brooklyn nets,11.380241287788932,points,0.45075445816186555,0.5492455418381345,-0.0553144850328261,0.055314485032826155,under,0.055314485032826155,"(0.0, 1.0]",3645,11.867996671707377,over,0.025448320029888616,24.319840270628642,0.5060689431946916,0.4939310568053083,EXPERIMENTAL_DIFFERENCE,Production and experimental pipelines disagree materially.,['EXPERIMENTAL_DIFFERENCE'],False,63,11.380241287788932,11.867996671707377,player_points,points,,Brooklyn Nets @ Golden State Warriors
f0853d396988ee8ea615897e136d22cb,2026-03-26T02:10:00Z,Golden State Warriors,Brooklyn Nets,DraftKings,Brandin Podziemski,player_points,15.5,-111,-114,,2026-03-26|golden state warriors|brooklyn nets,16.050750359536824,points,0.45075445816186555,0.5492455418381345,-0.04610799163733126,0.04610799163733126,under,0.04610799163733126,"(0.0, 1.0]",3645,14.719285537976928,under,0.07773951665757206,31.350179836531744,0.4968624497991968,0.5031375502008032,OK,,[],False,71,16.050750359536824,14.719285537976928,player_points,points,,Brooklyn Nets @ Golden State Warriors
f0853d396988ee8ea615897e136d22cb,2026-03-26T02:10:00Z,Golden State Warriors,Brooklyn Nets,DraftKings,De'Anthony Melton,player_points,15.5,-106,-120,,2026-03-26|golden state warriors|brooklyn nets,15.56584882841419,points,0.45075445816186555,0.5492455418381345,-0.03467435116369649,0.03467435116369655,under,0.03467435116369655,"(0.0, 1.0]",3645,14.329377292021872,under,0.11712279839660034,25.641916097542854,0.48542880932556204,0.5145711906744379,EXPERIMENTAL_DIFFERENCE,Production and experimental pipelines disagree materially.,['EXPERIMENTAL_DIFFERENCE'],False,40,15.56584882841419,14.329377292021872,player_points,points,,Brooklyn Nets @ Golden State Warriors
f0853d396988ee8ea615897e136d22cb,2026-03-26T02:10:00Z,Golden State Warriors,Brooklyn Nets,FanDuel,Will Richard,player_points,7.5,-122,-108,,2026-03-26|golden state warriors|brooklyn nets,8.537809901228718,points,0.5486425339366516,0.45135746606334837,0.0344587115991577,-0.0344587115991577,over,0.0344587115991577,"(1.0, 3.0]",3536,8.616888073588495,over,0.017333440887086327,25.270875859909406,0.5141838223374939,0.48581617766250607,OK,,[],False,61,8.537809901228718,8.616888073588495,player_points,points,,Brooklyn Nets @ Golden State Warriors
f0853d396988ee8ea615897e136d22cb,2026-03-26T02:10:00Z,Golden State Warriors,Brooklyn Nets,FanDuel,Gary Payton II,player_points,10.5,-128,-104,,2026-03-26|golden state warriors|brooklyn nets,11.838029121088656,points,0.5486425339366516,0.45135746606334837,0.0245577555166131,-0.0245577555166131,over,0.0245577555166131,"(1.0, 3.0]",3536,12.153090911527723,over,0.007432484804541728,23.154315389972137,0.5240847784200385,0.47591522157996147,OK,,[],False,63,11.838029121088656,12.153090911527723,player_points,points,,Brooklyn Nets @ Golden State Warriors
f0853d396988ee8ea615897e136d22cb,2026-03-26T02:10:00Z,Golden State Warriors,Brooklyn Nets,FanDuel,Brandin Podziemski,player_points,15.5,100,-132,,2026-03-26|golden state warriors|brooklyn nets,16.050750359536824,points,0.45075445816186555,0.5492455418381345,-0.01698747732200534,0.01698747732200545,under,0.01698747732200545,"(0.0, 1.0]",3645,14.719285537976928,under,0.048619002342246254,31.350179836531744,0.4677419354838709,0.532258064516129,OK,,[],False,71,16.050750359536824,14.719285537976928,player_points,points,,Brooklyn Nets @ Golden State Warriors
f0853d396988ee8ea615897e136d22cb,2026-03-26T02:10:00Z,Golden State Warriors,Brooklyn Nets,FanDuel,De'Anthony Melton,player_points,14.5,-132,100,,2026-03-26|golden state warriors|brooklyn nets,15.56584882841419,points,0.5486425339366516,0.45135746606334837,0.01638446942052263,-0.01638446942052252,over,0.01638446942052263,"(1.0, 3.0]",3536,14.329377292021872,under,0.11313513137450437,25.641916097542854,0.532258064516129,0.4677419354838709,EXPERIMENTAL_DIFFERENCE,Production and experimental pipelines disagree materially.,['EXPERIMENTAL_DIFFERENCE'],False,40,15.56584882841419,14.329377292021872,player_points,points,,Brooklyn Nets @ Golden State Warriors
f0853d396988ee8ea615897e136d22cb,2026-03-26T02:10:00Z,Golden State Warriors,Brooklyn Nets,FanDuel,Terance Mann,player_points,5.5,102,-136,,2026-03-26|golden state warriors|brooklyn nets,5.910864213409551,points,0.45075445816186555,0.5492455418381345,-0.011338273667708398,0.011338273667708343,under,0.011338273667708343,"(0.0, 1.0]",3645,5.880617436214802,over,0.0007048872180451249,20.19753006358902,0.46209273182957394,0.5379072681704261,EXPERIMENTAL_DIFFERENCE,Production and experimental pipelines disagree materially.,['EXPERIMENTAL_DIFFERENCE'],False,58,5.910864213409551,5.880617436214802,player_points,points,,Brooklyn Nets @ Golden State Warriors
f0853d396988ee8ea615897e136d22cb,2026-03-26T02:10:00Z,Golden State Warriors,Brooklyn Nets,DraftKings,Nicolas Claxton,player_points,9.5,-133,104,,2026-03-26|golden state warriors|brooklyn nets,11.380241287788932,points,0.5486425339366516,0.45135746606334837,0.010650782667616099,-0.010650782667616043,over,0.010650782667616099,"(1.0, 3.0]",3536,11.867996671707377,under,0.006474488044455329,24.319840270628642,0.5379917512690355,0.4620082487309644,EXPERIMENTAL_DIFFERENCE,Production and experimental pipelines disagree materially.,['EXPERIMENTAL_DIFFERENCE'],False,63,11.380241287788932,11.867996671707377,player_points,points,,Brooklyn Nets @ Golden State Warriors
d17b632d984be98852b4bc409ae1d056,2026-03-26T02:10:00Z,Portland Trail Blazers,Milwaukee Bucks,DraftKings,Kyle Kuzma,player_points,12.5,-113,-112,,2026-03-26|portland trail blazers|milwaukee bucks,10.390583241695207,points,0.37223247232472323,0.6277675276752768,-0.12881329024534283,0.12881329024534288,under,0.12881329024534288,"(-3.0, -1.0]",2168,11.608623243328912,under,0.08192282942844137,24.80817008432324,0.5010457625700661,0.4989542374299339,OK,,[],False,64,10.390583241695207,11.608623243328912,player_points,points,,Milwaukee Bucks @ Portland Trail Blazers
d17b632d984be98852b4bc409ae1d056,2026-03-26T02:10:00Z,Portland Trail Blazers,Milwaukee Bucks,FanDuel,Kyle Kuzma,player_points,12.5,-112,-118,,2026-03-26|portland trail blazers|milwaukee bucks,10.390583241695207,points,0.37223247232472323,0.6277675276752768,-0.12169858448058507,0.12169858448058513,under,0.12169858448058513,"(-3.0, -1.0]",2168,11.608623243328912,under,0.07480812366368361,24.80817008432324,0.4939310568053083,0.5060689431946916,OK,,[],False,64,10.390583241695207,11.608623243328912,player_points,points,,Milwaukee Bucks @ Portland Trail Blazers
d17b632d984be98852b4bc409ae1d056,2026-03-26T02:10:00Z,Portland Trail Blazers,Milwaukee Bucks,DraftKings,Taurean Prince,player_points,7.5,-105,-121,,2026-03-26|portland trail blazers|milwaukee bucks,6.001394442048282,points,0.37223247232472323,0.6277675276752768,-0.11110433250760338,0.11110433250760332,under,0.11110433250760332,"(-3.0, -1.0]",2168,5.849992156724572,under,0.11503079390336479,19.429209037801023,0.4833368048323266,0.5166631951676735,OK,,[],False,15,6.001394442048282,5.849992156724572,player_points,points,,Milwaukee Bucks @ Portland Trail Blazers
d17b632d984be98852b4bc409ae1d056,2026-03-26T02:10:00Z,Portland Trail Blazers,Milwaukee Bucks,FanDuel,Taurean Prince,player_points,6.5,-130,-102,,2026-03-26|portland trail blazers|milwaukee bucks,6.001394442048282,points,0.4211398277004639,0.5788601722995361,-0.10701785532447583,0.10701785532447572,under,0.10701785532447572,"(-1.0, 0.0]",3018,5.849992156724572,under,0.10903474988331485,19.429209037801023,0.5281576830249397,0.4718423169750604,OK,,[],False,15,6.001394442048282,5.849992156724572,player_points,points,,Milwaukee Bucks @ Portland Trail Blazers
d17b632d984be98852b4bc409ae1d056,2026-03-26T02:10:00Z,Portland Trail Blazers,Milwaukee Bucks,FanDuel,Deni Avdija,player_points,24.5,-128,-104,,2026-03-26|portland trail blazers|milwaukee bucks,24.061507870811187,points,0.4211398277004639,0.5788601722995361,-0.10294495071957466,0.10294495071957466,under,0.10294495071957466,"(-1.0, 0.0]",3018,23.643603502409615,under,0.10496184527841379,32.28053800669997,0.5240847784200385,0.47591522157996147,OK,,[],False,56,24.061507870811187,23.643603502409615,player_points,points,,Milwaukee Bucks @ Portland Trail Blazers
d17b632d984be98852b4bc409ae1d056,2026-03-26T02:10:00Z,Portland Trail Blazers,Milwaukee Bucks,FanDuel,Ousmane Dieng,player_points,11.5,-102,-130,,2026-03-26|portland trail blazers|milwaukee bucks,9.50721218656437,points,0.37223247232472323,0.6277675276752768,-0.09960984465033718,0.09960984465033706,under,0.09960984465033706,"(-3.0, -1.0]",2168,9.550147072576294,under,0.10353630604609854,29.15613763944882,0.4718423169750604,0.5281576830249397,OK,,[],False,45,9.50721218656437,9.550147072576294,player_points,points,,Milwaukee Bucks @ Portland Trail Blazers
d17b632d984be98852b4bc409ae1d056,2026-03-26T02:10:00Z,Portland Trail Blazers,Milwaukee Bucks,DraftKings,Ousmane Dieng,player_points,11.5,100,-128,,2026-03-26|portland trail blazers|milwaukee bucks,9.50721218656437,points,0.37223247232472323,0.6277675276752768,-0.09884190784056607,0.09884190784056601,under,0.09884190784056601,"(-3.0, -1.0]",2168,9.550147072576294,under,0.10276836923632748,29.15613763944882,0.4710743801652893,0.5289256198347108,OK,,[],False,45,9.50721218656437,9.550147072576294,player_points,points,,Milwaukee Bucks @ Portland Trail Blazers
d17b632d984be98852b4bc409ae1d056,2026-03-26T02:10:00Z,Portland Trail Blazers,Milwaukee Bucks,DraftKings,Myles Turner,player_points,10.5,-118,-108,,2026-03-26|portland trail blazers|milwaukee bucks,10.059179120512805,points,0.4211398277004639,0.5788601722995361,-0.08925777669148416,0.08925777669148421,under,0.08925777669148421,"(-1.0, 0.0]",3018,9.869985434688184,under,0.09127467125032335,24.17211261086632,0.510397604391948,0.4896023956080519,OK,,[],False,65,10.059179120512805,9.869985434688184,player_points,points,,Milwaukee Bucks @ Portland Trail Blazers
d17b632d984be98852b4bc409ae1d056,2026-03-26T02:10:00Z,Portland Trail Blazers,Milwaukee Bucks,FanDuel,Myles Turner,player_points,10.5,-118,-112,,2026-03-26|portland trail blazers|milwaukee bucks,10.059179120512805,points,0.4211398277004639,0.5788601722995361,-0.08492911549422777,0.08492911549422782,under,0.08492911549422782,"(-1.0, 0.0]",3018,9.869985434688184,under,0.08694601005306696,24.17211261086632,0.5060689431946916,0.4939310568053083,OK,,[],False,65,10.059179120512805,9.869985434688184,player_points,points,,Milwaukee Bucks @ Portland Trail Blazers
d17b632d984be98852b4bc409ae1d056,2026-03-26T02:10:00Z,Portland Trail Blazers,Milwaukee Bucks,FanDuel,Scoot Henderson,player_points,13.5,-130,-102,,2026-03-26|portland trail blazers|milwaukee bucks,13.806299812615377,points,0.45075445816186555,0.5492455418381345,-0.07740322486307416,0.07740322486307405,under,0.07740322486307405,"(0.0, 1.0]",3645,15.108714209781779,over,0.003359580199640555,25.276221761724774,0.5281576830249397,0.4718423169750604,EXPERIMENTAL_DIFFERENCE,Production and experimental pipelines disagree materially.,['EXPERIMENTAL_DIFFERENCE'],False,20,13.806299812615377,15.108714209781779,player_points,points,,Milwaukee Bucks @ Portland Trail Blazers
d17b632d984be98852b4bc409ae1d056,2026-03-26T02:10:00Z,Portland Trail Blazers,Milwaukee Bucks,DraftKings,Jerami Grant,player_points,17.5,-110,-115,,2026-03-26|portland trail blazers|milwaukee bucks,16.88156639870959,points,0.4211398277004639,0.5788601722995361,-0.07363004677652363,0.07363004677652363,under,0.07363004677652363,"(-1.0, 0.0]",3018,17.33304061603483,under,0.07564694133536276,29.379703166680564,0.4947698744769875,0.5052301255230125,OK,,[],False,54,16.88156639870959,17.33304061603483,player_points,points,,Milwaukee Bucks @ Portland Trail Blazers
d17b632d984be98852b4bc409ae1d056,2026-03-26T02:10:00Z,Portland Trail Blazers,Milwaukee Bucks,FanDuel,Robert Williams,player_points,6.5,-128,-104,,2026-03-26|portland trail blazers|milwaukee bucks,6.786932534014604,points,0.45075445816186555,0.5492455418381345,-0.07333032025817299,0.07333032025817299,under,0.07333032025817299,"(0.0, 1.0]",3645,6.2695023840869215,under,0.10496184527841379,17.32166230869593,0.5240847784200385,0.47591522157996147,OK,,[],False,49,6.786932534014604,6.2695023840869215,player_points,points,,Milwaukee Bucks @ Portland Trail Blazers
d17b632d984be98852b4bc409ae1d056,2026-03-26T02:10:00Z,Portland Trail Blazers,Milwaukee Bucks,FanDuel,Bobby Portis,player_points,14.5,-104,-128,,2026-03-26|portland trail blazers|milwaukee bucks,16.957509685651004,points,0.5486425339366516,0.45135746606334837,0.07272731235669017,-0.07272731235669017,over,0.07272731235669017,"(1.0, 3.0]",3536,19.7080265188859,over,0.2923774613468678,27.23869816194968,0.47591522157996147,0.5240847784200385,EXPERIMENTAL_DIFFERENCE,Production and experimental pipelines disagree materially.,['EXPERIMENTAL_DIFFERENCE'],False,66,16.957509685651004,19.7080265188859,player_points,points,,Milwaukee Bucks @ Portland Trail Blazers
d17b632d984be98852b4bc409ae1d056,2026-03-26T02:10:00Z,Portland Trail Blazers,Milwaukee Bucks,DraftKings,Ryan Rollins,player_points,18.5,-121,-106,,2026-03-26|portland trail blazers|milwaukee bucks,18.512196113819115,points,0.45075445816186555,0.5492455418381345,-0.06475679266540124,0.06475679266540119,under,0.06475679266540119,"(0.0, 1.0]",3645,19.25896639668108,under,0.05271363177964766,32.89720283137303,0.5155112508272668,0.48448874917273327,OK,,[],False,68,18.512196113819115,19.25896639668108,player_points,points,,Milwaukee Bucks @ Portland Trail Blazers
d17b632d984be98852b4bc409ae1d056,2026-03-26T02:10:00Z,Portland Trail Blazers,Milwaukee Bucks,FanDuel,Donovan Clingan,player_points,15.5,-108,-122,,2026-03-26|portland trail blazers|milwaukee bucks,14.813189965348338,points,0.4211398277004639,0.5788601722995361,-0.06467634996204219,0.06467634996204219,under,0.06467634996204219,"(-1.0, 0.0]",3018,16.26418313530024,under,0.023018558614886997,26.747338660836114,0.48581617766250607,0.5141838223374939,OK,,[],False,67,14.813189965348338,16.26418313530024,player_points,points,,Milwaukee Bucks @ Portland Trail Blazers
d17b632d984be98852b4bc409ae1d056,2026-03-26T02:10:00Z,Portland Trail Blazers,Milwaukee Bucks,DraftKings,Deni Avdija,player_points,24.5,-105,-121,,2026-03-26|portland trail blazers|milwaukee bucks,24.061507870811187,points,0.4211398277004639,0.5788601722995361,-0.06219697713186273,0.062196977131862674,under,0.062196977131862674,"(-1.0, 0.0]",3018,23.643603502409615,under,0.06421387169070181,32.28053800669997,0.4833368048323266,0.5166631951676735,OK,,[],False,56,24.061507870811187,23.643603502409615,player_points,points,,Milwaukee Bucks @ Portland Trail Blazers
d17b632d984be98852b4bc409ae1d056,2026-03-26T02:10:00Z,Portland Trail Blazers,Milwaukee Bucks,DraftKings,Donovan Clingan,player_points,15.5,-104,-122,,2026-03-26|portland trail blazers|milwaukee bucks,14.813189965348338,points,0.4211398277004639,0.5788601722995361,-0.06010079260969109,0.060100792609691256,under,0.060100792609691256,"(-1.0, 0.0]",3018,16.26418313530024,under,0.018443001262536063,26.747338660836114,0.48124062031015497,0.5187593796898449,OK,,[],False,67,14.813189965348338,16.26418313530024,player_points,points,,Milwaukee Bucks @ Portland Trail Blazers
d17b632d984be98852b4bc409ae1d056,2026-03-26T02:10:00Z,Portland Trail Blazers,Milwaukee Bucks,FanDuel,Jerami Grant,player_points,17.5,-106,-125,,2026-03-26|portland trail blazers|milwaukee bucks,16.88156639870959,points,0.4211398277004639,0.5788601722995361,-0.0597069464930845,0.0597069464930845,under,0.0597069464930845,"(-1.0, 0.0]",3018,17.33304061603483,under,0.061723841051923634,29.379703166680564,0.4808467741935484,0.5191532258064516,OK,,[],False,54,16.88156639870959,17.33304061603483,player_points,points,,Milwaukee Bucks @ Portland Trail Blazers
d17b632d984be98852b4bc409ae1d056,2026-03-26T02:10:00Z,Portland Trail Blazers,Milwaukee Bucks,FanDuel,Jrue Holiday,player_points,15.5,-118,-112,,2026-03-26|portland trail blazers|milwaukee bucks,15.798782564318778,points,0.45075445816186555,0.5492455418381345,-0.0553144850328261,0.055314485032826155,under,0.055314485032826155,"(0.0, 1.0]",3645,16.606404368215447,over,0.025448320029888616,29.35460099048884,0.5060689431946916,0.4939310568053083,EXPERIMENTAL_DIFFERENCE,Production and experimental pipelines disagree materially.,['EXPERIMENTAL_DIFFERENCE'],False,43,15.798782564318778,16.606404368215447,player_points,points,,Milwaukee Bucks @ Portland Trail Blazers
d17b632d984be98852b4bc409ae1d056,2026-03-26T02:10:00Z,Portland Trail Blazers,Milwaukee Bucks,FanDuel,Ryan Rollins,player_points,18.5,-114,-114,,2026-03-26|portland trail blazers|milwaukee bucks,18.512196113819115,points,0.45075445816186555,0.5492455418381345,-0.049245541838134455,0.049245541838134455,under,0.049245541838134455,"(0.0, 1.0]",3645,19.25896639668108,under,0.03720238095238093,32.89720283137303,0.5,0.5,OK,,[],False,68,18.512196113819115,19.25896639668108,player_points,points,,Milwaukee Bucks @ Portland Trail Blazers
d17b632d984be98852b4bc409ae1d056,2026-03-26T02:10:00Z,Portland Trail Blazers,Milwaukee Bucks,DraftKings,Toumani Camara,player_points,12.5,-114,-112,,2026-03-26|portland trail blazers|milwaukee bucks,13.780918149304,points,0.5486425339366516,0.45135746606334837,0.04656508670381143,-0.04656508670381132,over,0.04656508670381143,"(1.0, 3.0]",3536,13.442479015223862,under,0.039279828185221244,31.51242002159252,0.5020774472328402,0.4979225527671597,EXPERIMENTAL_DIFFERENCE,Production and experimental pipelines disagree materially.,['EXPERIMENTAL_DIFFERENCE'],False,72,13.780918149304,13.442479015223862,player_points,points,,Milwaukee Bucks @ Portland Trail Blazers
d17b632d984be98852b4bc409ae1d056,2026-03-26T02:10:00Z,Portland Trail Blazers,Milwaukee Bucks,DraftKings,Jrue Holiday,player_points,15.5,-107,-120,,2026-03-26|portland trail blazers|milwaukee bucks,15.798782564318778,points,0.45075445816186555,0.5492455418381345,-0.035810237993570526,0.03581023799357064,under,0.03581023799357064,"(0.0, 1.0]",3645,16.606404368215447,over,0.04495256706914419,29.35460099048884,0.48656469615543607,0.5134353038445638,EXPERIMENTAL_DIFFERENCE,Production and experimental pipelines disagree materially.,['EXPERIMENTAL_DIFFERENCE'],False,43,15.798782564318778,16.606404368215447,player_points,points,,Milwaukee Bucks @ Portland Trail Blazers
d17b632d984be98852b4bc409ae1d056,2026-03-26T02:10:00Z,Portland Trail Blazers,Milwaukee Bucks,FanDuel,Toumani Camara,player_points,12.5,-125,-106,,2026-03-26|portland trail blazers|milwaukee bucks,13.780918149304,points,0.5486425339366516,0.45135746606334837,0.02948930813020001,-0.02948930813020001,over,0.02948930813020001,"(1.0, 3.0]",3536,13.442479015223862,under,0.056355606758832555,31.51242002159252,0.5191532258064516,0.4808467741935484,EXPERIMENTAL_DIFFERENCE,Production and experimental pipelines disagree materially.,['EXPERIMENTAL_DIFFERENCE'],False,72,13.780918149304,13.442479015223862,player_points,points,,Milwaukee Bucks @ Portland Trail Blazers
